Model,Resampling,Oversampling Quantity,SNS,SNS STD,PRE,PRE STD,F1,F1 STD,SPC,SPC STD,GMN,GMN STD
LRC,RandomOversampler,0%,0.933141334869321,0.002926998412111,0.93087242488304,0.003126672521959,0.930098650253051,0.002841505837253,0.995991902517752,0.000116120541382,0.964053421377897,0.00153795660263
LRC,RandomOversampler,10%,0.930818091117609,0.003089066392786,0.932026483393044,0.003592466126421,0.930919199284081,0.003257272490929,0.99630660544164,0.000193152937756,0.963004554762906,0.00163879629877
LRC,RandomOversampler,20%,0.928493351273969,0.003279771464577,0.931614324767339,0.002739583028681,0.929345311307098,0.003018566851751,0.996390133168364,0.000148969861455,0.961841323777402,0.001707083510536
LRC,RandomOversampler,30%,0.925758308219248,0.004853012796217,0.93081259851649,0.004111297112468,0.927367778129094,0.00453481769279,0.996377442107974,0.000275571546242,0.960415946854347,0.002605216318064
LRC,RandomOversampler,40%,0.925348659548386,0.00392388108309,0.932193104596682,0.003585756968799,0.92749495163759,0.003679462499971,0.996507677475683,0.000243767604508,0.960267207917307,0.002098352975841
LRC,RandomOversampler,50%,0.925075529265896,0.004935445317125,0.931267849964485,0.004912005304949,0.926863028978098,0.004846931839617,0.996378263665881,0.000253534160192,0.960061924988819,0.002629878315062
LRC,RandomOversampler,60%,0.923981605549753,0.003544816134521,0.931159157631322,0.002036283184117,0.926069701987235,0.002827147229531,0.996456117003105,0.000171299331416,0.959533024367668,0.001815720100735
LRC,RandomOversampler,70%,0.92302466775071,0.004973030245956,0.931081471890383,0.003689620716007,0.925456340400743,0.004473681875065,0.996430182490051,0.000208119045775,0.959022004925569,0.002638181601702
LRC,RandomOversampler,80%,0.924117843420889,0.003571030748131,0.931694652549095,0.003762170586493,0.926254249780092,0.003407856064994,0.996450476191104,0.00026130835752,0.959601163472737,0.001906109157622
LRC,RandomOversampler,90%,0.92083691382417,0.003571703643145,0.929281636560046,0.003155490617611,0.923298840524808,0.003373091585348,0.996337221727519,0.000178037534136,0.957841706925339,0.00189120697112
LRC,RandomOversampler,100%,0.918786052308984,0.006208570402954,0.928180533767863,0.006098852880187,0.921477253001625,0.00583810413627,0.996304279241403,0.00031235409718,0.956755211246946,0.003325725714535
LRC,SMOTE,0%,0.933141334869321,0.002926998412111,0.93087242488304,0.003126672521959,0.930098650253051,0.002841505837253,0.995991902517752,0.000116120541382,0.964053421377897,0.00153795660263
LRC,SMOTE,10%,0.927399614569317,0.005524587762595,0.929192787339931,0.004522561578209,0.927728080162792,0.005259615778921,0.996140585630047,0.000251384245337,0.961151746726289,0.002951758855808
LRC,SMOTE,20%,0.926579195158646,0.004939831561081,0.930477120086411,0.005002081635007,0.927830836013305,0.004887898226178,0.996352416870748,0.00026673639407,0.960829507580848,0.002659144007944
LRC,SMOTE,30%,0.925759149770958,0.003826372012062,0.930659325025248,0.003272841473619,0.927260683022804,0.00360418638411,0.996366645019832,0.000164256581149,0.960412301763625,0.00203956481168
LRC,SMOTE,40%,0.925486019488467,0.005408311221498,0.931641617925474,0.005474310352338,0.927325123001367,0.005288752664397,0.996419440768568,0.000341018490427,0.960294157983245,0.002902463426184
LRC,SMOTE,50%,0.924254829337989,0.0020468177098,0.930802971553941,0.002796280633114,0.926156825286833,0.002126732845853,0.996398029297563,0.000224450115323,0.959648168916991,0.001095817836249
LRC,SMOTE,60%,0.926442676770274,0.007042853805799,0.932672802437019,0.005605050693065,0.928281846657402,0.006610269763765,0.99652391607163,0.000203952957489,0.960837838011362,0.003729091827197
LRC,SMOTE,70%,0.9232977980332,0.003217286174729,0.92997193281668,0.003388208018959,0.925183354155065,0.003062797360461,0.996343650359506,0.000164846739123,0.959124166694784,0.001695891796221
LRC,SMOTE,80%,0.921520440823486,0.00430871591167,0.928809077682719,0.003314418640946,0.923615494401614,0.003919497580451,0.996268318273428,0.0002342961229,0.958163249064491,0.002298299269078
LRC,SMOTE,90%,0.922067075411449,0.004639153787362,0.929881465027577,0.005382537934298,0.924248133513806,0.004680548839894,0.99635036132854,0.000412567265267,0.958486603184439,0.002531281268197
LRC,SMOTE,100%,0.922204154834294,0.004721078068046,0.930189062251668,0.00426137813743,0.92451417047507,0.004460074681892,0.996352898320373,0.000274483080843,0.958558903323881,0.002546536931181
LRC,BorderlineSMOTE-1,0%,0.933141334869321,0.002926998412111,0.93087242488304,0.003126672521959,0.930098650253051,0.002841505837253,0.995991902517752,0.000116120541382,0.964053421377897,0.00153795660263
LRC,BorderlineSMOTE-1,10%,0.926715620041273,0.003554680427014,0.927562397420116,0.003021791436919,0.926465745934905,0.003276894249354,0.996040539039704,0.000149353043673,0.960751310201202,0.001887855534585
LRC,BorderlineSMOTE-1,20%,0.926032373559193,0.006133706644697,0.929185572974619,0.004974210955574,0.926917620916322,0.005759463466008,0.996186315812873,0.000251103350763,0.960464027917662,0.003260756888256
LRC,BorderlineSMOTE-1,30%,0.921656865706113,0.006624143729236,0.926197284408849,0.004808582062002,0.9227491713539,0.005942356412729,0.995960741947406,0.000252174476331,0.958082747383867,0.003492045219888
LRC,BorderlineSMOTE-1,40%,0.918922944720338,0.005157242712397,0.924806164234191,0.004076378149046,0.920570019458782,0.004624730257861,0.995937643525343,0.000166918398486,0.956651925152382,0.002716219949716
LRC,BorderlineSMOTE-1,50%,0.918239137203786,0.005372947750939,0.924988234228512,0.003684928428888,0.920034137034306,0.004640900731793,0.995973558289999,0.000122698192819,0.956312785919324,0.002813131925529
LRC,BorderlineSMOTE-1,60%,0.917828366463978,0.007898370484889,0.92480199429975,0.006156479821222,0.919790472524102,0.00738539210665,0.995987735731582,0.000462318753352,0.956101556390962,0.00427639256348
LRC,BorderlineSMOTE-1,70%,0.914684329278612,0.005852067328143,0.922895601466965,0.005451252677784,0.916913202337085,0.005669405765606,0.995916552864524,0.000320204441844,0.954432045756668,0.003157778963243
LRC,BorderlineSMOTE-1,80%,0.909624920403234,0.004489545764997,0.918930080597203,0.004897397949379,0.911860349499059,0.004374282074761,0.995615296089513,0.000468744022733,0.951646690816012,0.002462478378328
LRC,BorderlineSMOTE-1,90%,0.910581577685041,0.006920651330218,0.920703071599156,0.006420804333587,0.913030413369286,0.006379002648729,0.995694608050676,0.000387801113719,0.952181115651168,0.003736993813959
LRC,BorderlineSMOTE-1,100%,0.90825767939311,0.004693197658262,0.918450273604701,0.005427556827026,0.910948234375928,0.004460116814208,0.995535925581681,0.000381666751009,0.950892956636676,0.002529307142027
LRC,BorderlineSMOTE-2,0%,0.933141334869321,0.002926998412111,0.93087242488304,0.003126672521959,0.930098650253051,0.002841505837253,0.995991902517752,0.000116120541382,0.964053421377897,0.00153795660263
LRC,BorderlineSMOTE-2,10%,0.926715620041273,0.003554680427014,0.927562397420116,0.003021791436919,0.926465745934905,0.003276894249354,0.996040539039704,0.000149353043673,0.960751310201202,0.001887855534585
LRC,BorderlineSMOTE-2,20%,0.926032373559193,0.006133706644697,0.929185572974619,0.004974210955574,0.926917620916322,0.005759463466008,0.996186315812873,0.000251103350763,0.960464027917662,0.003260756888256
LRC,BorderlineSMOTE-2,30%,0.921656865706113,0.006624143729236,0.926197284408849,0.004808582062002,0.9227491713539,0.005942356412729,0.995960741947406,0.000252174476331,0.958082747383867,0.003492045219888
LRC,BorderlineSMOTE-2,40%,0.918922944720338,0.005157242712397,0.924806164234191,0.004076378149046,0.920570019458782,0.004624730257861,0.995937643525343,0.000166918398486,0.956651925152382,0.002716219949716
LRC,BorderlineSMOTE-2,50%,0.918239137203786,0.005372947750939,0.924988234228512,0.003684928428888,0.920034137034306,0.004640900731793,0.995973558289999,0.000122698192819,0.956312785919324,0.002813131925529
LRC,BorderlineSMOTE-2,60%,0.917828366463978,0.007898370484889,0.92480199429975,0.006156479821222,0.919790472524102,0.00738539210665,0.995987735731582,0.000462318753352,0.956101556390962,0.00427639256348
LRC,BorderlineSMOTE-2,70%,0.914684329278612,0.005852067328143,0.922895601466965,0.005451252677784,0.916913202337085,0.005669405765606,0.995916552864524,0.000320204441844,0.954432045756668,0.003157778963243
LRC,BorderlineSMOTE-2,80%,0.909624920403234,0.004489545764997,0.918930080597203,0.004897397949379,0.911860349499059,0.004374282074761,0.995615296089513,0.000468744022733,0.951646690816012,0.002462478378328
LRC,BorderlineSMOTE-2,90%,0.910581577685041,0.006920651330218,0.920703071599156,0.006420804333587,0.913030413369286,0.006379002648729,0.995694608050676,0.000387801113719,0.952181115651168,0.003736993813959
LRC,BorderlineSMOTE-2,100%,0.90825767939311,0.004693197658262,0.918450273604701,0.005427556827026,0.910948234375928,0.004460116814208,0.995535925581681,0.000381666751009,0.950892956636676,0.002529307142027
LRC,SMOTETomek,0%,0.933141334869321,0.002926998412111,0.93087242488304,0.003126672521959,0.930098650253051,0.002841505837253,0.995991902517752,0.000116120541382,0.964053421377897,0.00153795660263
LRC,SMOTETomek,10%,0.929586994472875,0.003405944723455,0.930596806569722,0.002819684811927,0.929555917541246,0.003161564161963,0.996250913548337,0.000143101563549,0.962340333423649,0.001803743693742
LRC,SMOTETomek,20%,0.926988843829509,0.004810023852621,0.930296437287916,0.005032684638901,0.928021317968458,0.004891579461429,0.996273652300016,0.000352747338941,0.961004161999263,0.002630670249755
LRC,SMOTETomek,30%,0.926032467064939,0.003033584775035,0.930895789127823,0.003455452217861,0.927553563862873,0.003075782624086,0.996399513153192,0.000222964696813,0.960570657857299,0.001632548179596
LRC,SMOTETomek,40%,0.925895948676566,0.00499094599224,0.931734068284002,0.004770963915007,0.927618972163209,0.004860660475722,0.996387449828364,0.000323074458148,0.960491942150866,0.002672184090252
LRC,SMOTETomek,50%,0.924391628243597,0.003419196382852,0.930767495204913,0.003413443133431,0.926272570416135,0.003267983692176,0.996376859472305,0.000226198623646,0.959707981177733,0.001821630325316
LRC,SMOTETomek,60%,0.926305690853174,0.005560011416023,0.932614384792263,0.004377279869029,0.928157501255977,0.005207502299888,0.996504062150715,0.000249644632089,0.960759776348141,0.002944963283874
LRC,SMOTETomek,70%,0.923297517515964,0.002543702217382,0.930471161432628,0.003550284251182,0.925337962909033,0.002585197905957,0.996417313723196,0.000237241365244,0.959160044224077,0.001369378655009
LRC,SMOTETomek,80%,0.921520627834977,0.004217707141445,0.92922253289539,0.003287390183826,0.923715712680895,0.003718949622028,0.996290066740771,0.000250951713592,0.958173898540141,0.002246820722556
LRC,SMOTETomek,90%,0.922887868845101,0.004679871198409,0.930704737783597,0.005404775635231,0.925056178083345,0.004674223661039,0.996367068296846,0.000367525457729,0.958921041053445,0.002527742851909
LRC,SMOTETomek,100%,0.923297891538946,0.004220439052456,0.931488133474059,0.003881585614234,0.925595567448572,0.003960750179504,0.996481342552231,0.000230875312183,0.959189500133579,0.002241647733955
LRC,SMOTEENN,0%,0.933141334869321,0.002926998412111,0.93087242488304,0.003126672521959,0.930098650253051,0.002841505837253,0.995991902517752,0.000116120541382,0.964053421377897,0.00153795660263
LRC,SMOTEENN,10%,0.917965165369586,0.004436972482538,0.923540469960359,0.003872125017128,0.919185378645002,0.004389782952673,0.995831710007947,0.00055906608013,0.956103533574291,0.002438267573345
LRC,SMOTEENN,20%,0.918512267486276,0.00298104654496,0.928158596964903,0.003164489570796,0.921374892711867,0.002930926115839,0.996375678964382,0.000185336954429,0.956650894423723,0.001575913202352
LRC,SMOTEENN,30%,0.917146055039352,0.005681052068302,0.927705213424705,0.004716714939304,0.92010757265793,0.00541270451239,0.996417921918865,0.000249447658576,0.95595627364938,0.00303061810994
LRC,SMOTEENN,40%,0.918923225237575,0.006160800482146,0.930648642884176,0.006008878728196,0.922073199323861,0.006098692055713,0.996523912247823,0.00034629422443,0.956932211083733,0.003311477806514
LRC,SMOTEENN,50%,0.9197435511425,0.003567890362115,0.930165231908694,0.003308225687951,0.922603904876822,0.00330719711227,0.996450373330571,0.000307880036583,0.95732707261883,0.001806655555566
LRC,SMOTEENN,60%,0.920974554281488,0.008435696372579,0.931791776097577,0.007076263034066,0.924021217975045,0.007891501922935,0.996668724729795,0.000404988325597,0.95806506692435,0.004554239204045
LRC,SMOTEENN,70%,0.918512922026494,0.005312143172482,0.928898113979917,0.005525688390206,0.92148827604663,0.005070041975727,0.996492631770824,0.000214305946488,0.956704783367191,0.002833692533391
LRC,SMOTEENN,80%,0.919059556614456,0.004704177499293,0.929747838620836,0.005240520272948,0.922036826437993,0.004579700055698,0.996479621056484,0.00038769516116,0.956984158373265,0.002575489025497
LRC,SMOTEENN,90%,0.922751256950983,0.003530706476845,0.931949306564846,0.003554005164687,0.925234328149357,0.00339372870726,0.996608869014036,0.000163172904006,0.958967561028895,0.001857193312379
LRC,SMOTEENN,100%,0.920700582447288,0.00404497459576,0.930955835595503,0.003707402930685,0.923625289848518,0.00381305667053,0.996494007710725,0.000354789883556,0.957845704683244,0.002167634313874
LRC,SVMSMOTE,0%,0.933141334869321,0.002926998412111,0.93087242488304,0.003126672521959,0.930098650253051,0.002841505837253,0.995991902517752,0.000116120541382,0.964053421377897,0.00153795660263
LRC,SVMSMOTE,10%,0.933278601303657,0.002686830126663,0.932908788276586,0.002671573890069,0.932383416308751,0.00252520224678,0.996343286920448,0.000213795169899,0.964294660088134,0.001484186434528
LRC,SVMSMOTE,20%,0.931090847377117,0.00370764043881,0.932139255697248,0.003418631291333,0.930873762656095,0.003635139502553,0.996347704857614,0.000139003727403,0.963164984782355,0.001980292837552
LRC,SVMSMOTE,30%,0.930954609505981,0.003286640703064,0.931934346668825,0.003433399599442,0.930809308365348,0.003377704883594,0.996419730443542,6.19890619898296E-05,0.963129660991206,0.001730844355698
LRC,SVMSMOTE,40%,0.929587368495857,0.005715473963516,0.930944378912955,0.004857747243698,0.929605699954503,0.005224875600138,0.996244071918177,0.000152178932585,0.962334414676277,0.0030256150302
LRC,SVMSMOTE,50%,0.925485458453994,0.00376692991657,0.927357728083302,0.003713864279432,0.925822102173965,0.003763037301386,0.996072610352334,0.00010982053866,0.960128639723739,0.001985422686124
LRC,SVMSMOTE,60%,0.926305971370411,0.00410573836308,0.92849056655072,0.003280803900933,0.926743615990653,0.003691459681706,0.99615416112042,0.000203598391617,0.960593158083386,0.002178139033629
LRC,SVMSMOTE,70%,0.927946529674516,0.003706265537734,0.92930403612117,0.003443274907303,0.927816706665154,0.003632823479153,0.99621674112542,0.000157071433448,0.961474065192332,0.001971457789705
LRC,SVMSMOTE,80%,0.924938449843051,0.002815511092667,0.926831072219861,0.003356900435944,0.925173131889571,0.003056220010911,0.996083311162789,0.000290438459298,0.959850901433834,0.001516416354114
LRC,SVMSMOTE,90%,0.929313583673149,0.003136628030575,0.931494809256044,0.003043485840688,0.929636461609041,0.003188561138872,0.996292315106368,0.000210198593549,0.962219021686881,0.001659670763053
LRC,SVMSMOTE,100%,0.926169172464802,0.00215531555426,0.927256690811934,0.002316284564983,0.925979363671935,0.002217157760507,0.996040498433346,0.000233287849917,0.960469058712958,0.001154393513097
KNN,RandomOversampler,0%,0.909079033861235,0.003629311189858,0.905934644131193,0.004517664616563,0.905206466823246,0.00360352566862,0.99463939451144,0.000150416490158,0.950895512478781,0.001917378638733
KNN,RandomOversampler,10%,0.899781383567113,0.003576492509898,0.905966156806215,0.004293606769872,0.901756061470893,0.003599474868965,0.995039755102441,0.000327530543802,0.946210785241957,0.00193237524853
KNN,RandomOversampler,20%,0.896227417193649,0.007517083426822,0.905505910167149,0.006690781298682,0.899245011590313,0.006958522208566,0.995089840139427,0.000332869919681,0.944357862472564,0.004055222638893
KNN,RandomOversampler,30%,0.892124852611569,0.002970394388982,0.903559030368386,0.00254288687143,0.895951227896816,0.00252917818215,0.994982328959267,0.000302627286706,0.942149678355733,0.00158638117962
KNN,RandomOversampler,40%,0.893492374138929,0.004076217320359,0.903839830974455,0.002763580544107,0.896952831040519,0.003740835662075,0.994960177863709,9.36000813472215E-05,0.94285987407892,0.002165456713222
KNN,RandomOversampler,50%,0.893081229376139,0.004174004084951,0.903355370818939,0.004778259493831,0.896348787522654,0.004342066502403,0.994929148206852,0.000318317404953,0.942628338686781,0.002319221029576
KNN,RandomOversampler,60%,0.891577750494879,0.001410666798388,0.900711350657334,0.003318396154572,0.894584044134547,0.001568286729423,0.994710656864211,0.000226185182782,0.941733133355755,0.00073280979034
KNN,RandomOversampler,70%,0.892124759105823,0.00312690116622,0.899797646808029,0.002372248293987,0.894763741550707,0.002839780490706,0.994698602852946,0.000258628414621,0.942015235870033,0.001714967567478
KNN,RandomOversampler,80%,0.893081790410612,0.002053398518485,0.899895822073125,0.00325162131795,0.895354698410582,0.00236665635932,0.994703496309182,0.000263033007482,0.942523501575612,0.001162375932481
KNN,RandomOversampler,90%,0.891168475846998,0.005195889698429,0.89654021425839,0.004994308533421,0.892684114018631,0.00466918629496,0.994545045129003,0.000214505114336,0.94143511556388,0.002823178389394
KNN,RandomOversampler,100%,0.891714362388997,0.005532430431842,0.897020529047561,0.00489609936678,0.893222483308264,0.005271480137458,0.994493095166778,0.000305288565874,0.941698378454878,0.003029535055424
KNN,SMOTE,0%,0.909079033861235,0.003629311189858,0.905934644131193,0.004517664616563,0.905206466823246,0.00360352566862,0.99463939451144,0.000150416490158,0.950895512478781,0.001917378638733
KNN,SMOTE,10%,0.901012293200356,0.00358710851728,0.907082961548787,0.003678741014685,0.902957645069943,0.003196650887135,0.995064349196799,0.000268802563516,0.946869409910057,0.001900007573146
KNN,SMOTE,20%,0.894313074066836,0.007496956603869,0.904682903861342,0.00572989141888,0.897815029950352,0.006712580221706,0.994969044250964,0.000299578927064,0.943291466695737,0.004050011169769
KNN,SMOTE,30%,0.898825100308288,0.00384382066393,0.909994397635945,0.003266603559653,0.902319289206144,0.003004765980617,0.995270652720697,0.000177454945872,0.945817221057455,0.002038103265669
KNN,SMOTE,40%,0.896500173453158,0.006102329272005,0.908239555826378,0.005741354088702,0.900364074445679,0.005670039984059,0.995247211311335,0.000368062689865,0.944579150224934,0.003353049837335
KNN,SMOTE,50%,0.892124572094332,0.004686727613748,0.904135139836148,0.004874540061467,0.8960718321605,0.004408373066713,0.995044612886535,0.000268473630468,0.942177168251711,0.002513314197988
KNN,SMOTE,60%,0.895406810771488,0.004370523180144,0.906719013353282,0.004743496806053,0.899034288155478,0.004348512279659,0.995109674611722,0.000299003394531,0.943940231447688,0.002414834640137
KNN,SMOTE,70%,0.896089963747822,0.004729659312792,0.907656923898628,0.004972774030102,0.899797351003828,0.004696077511606,0.995248359837256,0.000315013998612,0.94436565257238,0.002623163785053
KNN,SMOTE,80%,0.8940377931522,0.007402999818296,0.905721710313422,0.008881213155235,0.897716054264053,0.007439878904606,0.995024905696816,0.000538214510682,0.94317347227916,0.004113307221873
KNN,SMOTE,90%,0.894585643314854,0.00426839075743,0.906110154445967,0.004281414170022,0.89830322795272,0.004056657981368,0.995054925098152,0.000274385400363,0.9434814634779,0.002366706736244
KNN,SMOTE,100%,0.894723657795153,0.007139503587639,0.905006398701092,0.005200850048178,0.898130345575032,0.006577826301807,0.995064431487208,0.000335525888264,0.943554240783961,0.003916482346396
KNN,BorderlineSMOTE-1,0%,0.909079033861235,0.003629311189858,0.905934644131193,0.004517664616563,0.905206466823246,0.00360352566862,0.99463939451144,0.000150416490158,0.950895512478781,0.001917378638733
KNN,BorderlineSMOTE-1,10%,0.894722629231953,0.005748074193601,0.898672065999816,0.00551907799223,0.895798705559527,0.005426417287568,0.994693316549354,0.000329230992986,0.943380120809235,0.003137902844143
KNN,BorderlineSMOTE-1,20%,0.88542479192634,0.008283074638951,0.89397975692985,0.007721237963362,0.888080945613675,0.00790671728316,0.9943943093864,0.000499064085324,0.938319633688358,0.004588694580052
KNN,BorderlineSMOTE-1,30%,0.881596666707186,0.005290037429617,0.890826861593493,0.003517416804871,0.884404617879895,0.004317223919222,0.994194405392677,0.00017547062846,0.936200152049843,0.002834232333113
KNN,BorderlineSMOTE-1,40%,0.876674898289125,0.006478117040307,0.887617807680133,0.004052366820742,0.880000150101664,0.005324632630989,0.993963709670452,0.000170574943747,0.933472829290004,0.003510061746401
KNN,BorderlineSMOTE-1,50%,0.872299577447536,0.0062580758304,0.885705810620105,0.004790370451963,0.876381393618616,0.005278236855397,0.993878575721548,0.000292511475858,0.931101085644784,0.003432149185415
KNN,BorderlineSMOTE-1,60%,0.872299203424554,0.005960258216328,0.886256512404485,0.005164279277432,0.876366870670653,0.005323498389322,0.993748744708166,0.00038572286701,0.93104074002559,0.00329537635733
KNN,BorderlineSMOTE-1,70%,0.872300418999246,0.008207460262127,0.886654766245034,0.00432233681186,0.876236118140856,0.006903600748395,0.993831030285922,0.00030877496195,0.931075038674332,0.004480135398549
KNN,BorderlineSMOTE-1,80%,0.869428951061898,0.00530110966142,0.883849539837939,0.003421709544657,0.873407086052016,0.004280008587312,0.99362236235769,0.000251525584953,0.929449365319354,0.002860474360528
KNN,BorderlineSMOTE-1,90%,0.869565375944525,0.006587072627513,0.884119940350728,0.002986812451176,0.873443231418227,0.00556408265324,0.993606265794029,0.000186651560995,0.929512473347468,0.003569302306999
KNN,BorderlineSMOTE-1,100%,0.868471545734128,0.0091646052796,0.884159306727473,0.00617862874686,0.872722812957392,0.007920131630377,0.993597893225571,0.000330667515614,0.928917920725891,0.005032699985473
KNN,BorderlineSMOTE-2,0%,0.909079033861235,0.003629311189858,0.905934644131193,0.004517664616563,0.905206466823246,0.00360352566862,0.99463939451144,0.000150416490158,0.950895512478781,0.001917378638733
KNN,BorderlineSMOTE-2,10%,0.894722629231953,0.005748074193601,0.898672065999816,0.00551907799223,0.895798705559527,0.005426417287568,0.994693316549354,0.000329230992986,0.943380120809235,0.003137902844143
KNN,BorderlineSMOTE-2,20%,0.88542479192634,0.008283074638951,0.89397975692985,0.007721237963362,0.888080945613675,0.00790671728316,0.9943943093864,0.000499064085324,0.938319633688358,0.004588694580052
KNN,BorderlineSMOTE-2,30%,0.881596666707186,0.005290037429617,0.890826861593493,0.003517416804871,0.884404617879895,0.004317223919222,0.994194405392677,0.00017547062846,0.936200152049843,0.002834232333113
KNN,BorderlineSMOTE-2,40%,0.876674898289125,0.006478117040307,0.887617807680133,0.004052366820742,0.880000150101664,0.005324632630989,0.993963709670452,0.000170574943747,0.933472829290004,0.003510061746401
KNN,BorderlineSMOTE-2,50%,0.872299577447536,0.0062580758304,0.885705810620105,0.004790370451963,0.876381393618616,0.005278236855397,0.993878575721548,0.000292511475858,0.931101085644784,0.003432149185415
KNN,BorderlineSMOTE-2,60%,0.872299203424554,0.005960258216328,0.886256512404485,0.005164279277432,0.876366870670653,0.005323498389322,0.993748744708166,0.00038572286701,0.93104074002559,0.00329537635733
KNN,BorderlineSMOTE-2,70%,0.872300418999246,0.008207460262127,0.886654766245034,0.00432233681186,0.876236118140856,0.006903600748395,0.993831030285922,0.00030877496195,0.931075038674332,0.004480135398549
KNN,BorderlineSMOTE-2,80%,0.869428951061898,0.00530110966142,0.883849539837939,0.003421709544657,0.873407086052016,0.004280008587312,0.99362236235769,0.000251525584953,0.929449365319354,0.002860474360528
KNN,BorderlineSMOTE-2,90%,0.869565375944525,0.006587072627513,0.884119940350728,0.002986812451176,0.873443231418227,0.00556408265324,0.993606265794029,0.000186651560995,0.929512473347468,0.003569302306999
KNN,BorderlineSMOTE-2,100%,0.868471545734128,0.0091646052796,0.884159306727473,0.00617862874686,0.872722812957392,0.007920131630377,0.993597893225571,0.000330667515614,0.928917920725891,0.005032699985473
KNN,SMOTETomek,0%,0.909079033861235,0.003629311189858,0.905934644131193,0.004517664616563,0.905206466823246,0.00360352566862,0.99463939451144,0.000150416490158,0.950895512478781,0.001917378638733
KNN,SMOTETomek,10%,0.900465471600903,0.003025365526651,0.906437658184637,0.002607642680547,0.9023927873499,0.002316001126499,0.995035190794415,0.000248963328925,0.946568594907299,0.001535024107678
KNN,SMOTETomek,20%,0.894859802160544,0.007191279978249,0.90515579575356,0.005615344057118,0.898318870414191,0.006439245214675,0.995006200522576,0.000330262877701,0.943598016680457,0.003881562719118
KNN,SMOTETomek,30%,0.898961805708152,0.003654882965301,0.910298221389287,0.002958290200496,0.902510943327243,0.002789824672319,0.995301728397859,0.000155894996675,0.945904096869435,0.001927267376679
KNN,SMOTETomek,40%,0.896773584252884,0.006032107846687,0.908534551165474,0.005735439704503,0.900647258200215,0.005616248105341,0.995271299669126,0.000362103479717,0.94473471498344,0.003309390384069
KNN,SMOTETomek,50%,0.892261277494196,0.004610783308238,0.904344517263858,0.004860935769002,0.896219762335144,0.004338641775233,0.995063588794105,0.000271165914659,0.94225845051982,0.002477047219945
KNN,SMOTETomek,60%,0.895406810771488,0.004370523180144,0.906719013353282,0.004743496806053,0.899034288155478,0.004348512279659,0.995109674611722,0.000299003394531,0.943940231447688,0.002414834640137
KNN,SMOTETomek,70%,0.895953258347959,0.004514964133321,0.907521270922568,0.004716857926338,0.89966443061315,0.004474687881432,0.995237136243036,0.00029358462624,0.944288539117487,0.002499819062914
KNN,SMOTETomek,80%,0.893901087752337,0.007241921587506,0.905601166189879,0.00870269564356,0.897583433720265,0.007267819435665,0.995013682102596,0.000520707116073,0.943096332961952,0.004019584528807
KNN,SMOTETomek,90%,0.894585643314854,0.00426839075743,0.906110154445967,0.004281414170022,0.89830322795272,0.004056657981368,0.995054925098152,0.000274385400363,0.9434814634779,0.002366706736244
KNN,SMOTETomek,100%,0.894860363195016,0.00694605029663,0.905152603670492,0.005014078043286,0.898273305369662,0.006380480038698,0.995076424972103,0.000314987616843,0.943632362810826,0.003804667238374
KNN,SMOTEENN,0%,0.909079033861235,0.003629311189858,0.905934644131193,0.004517664616563,0.905206466823246,0.00360352566862,0.99463939451144,0.000150416490158,0.950895512478781,0.001917378638733
KNN,SMOTEENN,10%,0.888707030603495,0.004983393370393,0.900067303271775,0.005750529111701,0.891761530194294,0.005661576672946,0.994526411749108,0.000412814725715,0.940125448570517,0.002690083616148
KNN,SMOTEENN,20%,0.884469069701988,0.006293159692723,0.904370126538602,0.004238543866112,0.890391096483036,0.005335414205364,0.995097148675626,0.000362820320135,0.938147970941648,0.003368694436834
KNN,SMOTEENN,30%,0.890758827176136,0.005568729027269,0.908972058134352,0.00358138982968,0.896042947645657,0.004820144725433,0.995349983730405,0.000257569868626,0.941598766949711,0.002959401033385
KNN,SMOTEENN,40%,0.889390838120048,0.005428488044723,0.906405000994999,0.004923399610564,0.894639660877731,0.004665990959998,0.995218135700864,0.000339943798403,0.940813466118069,0.002938225008071
KNN,SMOTEENN,50%,0.887339883099117,0.006094883447133,0.905206032874309,0.006598272831041,0.892895113665134,0.006146855849786,0.995109876701769,0.000427249774453,0.939675878161283,0.003327455745503
KNN,SMOTEENN,60%,0.892809782197067,0.007548316098117,0.909529288919007,0.006717494000974,0.897903828114413,0.007042814812878,0.995411927262509,0.000349587408421,0.942708082271749,0.004106583706964
KNN,SMOTEENN,70%,0.892671580705276,0.005078465085267,0.908831829361573,0.005109050195238,0.897547099311677,0.004830705491984,0.995334005857328,0.000285639446721,0.94260261821181,0.002785231476647
KNN,SMOTEENN,80%,0.89226118398845,0.004551847341941,0.906686586943309,0.005798742129781,0.896623089640012,0.004418541193733,0.99511755413867,0.000394680786059,0.94228419437787,0.002523012283883
KNN,SMOTEENN,90%,0.892125226634551,0.003763778324656,0.90607145454069,0.00350070864094,0.896470836194508,0.003644249005875,0.995138472325569,0.00017969705436,0.942223114907242,0.002045289702887
KNN,SMOTEENN,100%,0.894450059983936,0.0082871979166,0.90841453404304,0.004914543569763,0.898975730840598,0.007188513710388,0.995323191686278,0.000364857242358,0.94353011331237,0.00453143877729
KNN,SVMSMOTE,0%,0.909079033861235,0.003629311189858,0.905934644131193,0.004517664616563,0.905206466823246,0.00360352566862,0.99463939451144,0.000150416490158,0.950895512478781,0.001917378638733
KNN,SVMSMOTE,10%,0.897183232923747,0.002895976488825,0.899622592509759,0.003612564913441,0.897472859602713,0.002757622371185,0.99473954626733,0.000208867780266,0.944701760483922,0.001562840187213
KNN,SVMSMOTE,20%,0.890074365119365,0.002278907510603,0.894731431686166,0.003272732130496,0.891345523823067,0.00218071316043,0.994505969775797,0.000275750639879,0.940841525566974,0.001199637497093
KNN,SVMSMOTE,30%,0.893902209821282,0.003328377462905,0.899314073579543,0.003944776187019,0.895510311479168,0.003352727638084,0.994643576733166,0.000246904028401,0.942926864278739,0.001782976614301
KNN,SVMSMOTE,40%,0.88747640148749,0.004434155234926,0.894185486490276,0.001879143038575,0.889495740965674,0.003241895654818,0.994295169386749,0.000109603388202,0.939365726746379,0.002345876274201
KNN,SVMSMOTE,50%,0.881597227741659,0.003986394045422,0.88821002024266,0.0025053077295,0.883770575717042,0.003123461767974,0.993995015075103,0.000184942247222,0.936108324710188,0.002124744299943
KNN,SVMSMOTE,60%,0.883921500056571,0.003378736482259,0.890873231249685,0.003153340261569,0.885781390989404,0.002903177812364,0.994061861103514,0.000309382091855,0.937373716515944,0.001815408351399
KNN,SVMSMOTE,70%,0.88364818276259,0.006396414482699,0.891245137307573,0.005317643348625,0.885756795559789,0.006046242997191,0.994039992721389,0.000256602802663,0.937214311148866,0.003488665615134
KNN,SVMSMOTE,80%,0.883238721103218,0.005801874778737,0.89134476659726,0.004022675539101,0.885607127115989,0.005009095274724,0.994056663736487,0.000196877595978,0.937005926975673,0.003120000016719
KNN,SVMSMOTE,90%,0.880093281331671,0.00528053759071,0.889625145032001,0.003130408926973,0.882933899001144,0.004151946051447,0.993939864305488,0.000147507855749,0.935281714398012,0.002810226635218
KNN,SVMSMOTE,100%,0.879272955426746,0.007300370546061,0.887828031942275,0.006670449321076,0.881796131830508,0.007185642027535,0.993858106456577,0.000495965773341,0.93480406775864,0.004043941653488
BNB,RandomOversampler,0%,0.874487331374076,0.004377373601696,0.882268153904185,0.00476466119688,0.874310159145442,0.004800020879373,0.993540401073924,0.000624411003885,0.932112561563275,0.002523767048438
BNB,RandomOversampler,10%,0.871478690508138,0.003791961588994,0.882424375613017,0.003694009918539,0.872893684628462,0.003882390935888,0.993610471343678,0.000495507116618,0.930541098808527,0.00216384166611
BNB,RandomOversampler,20%,0.871479345048357,0.004101312693863,0.883065482570904,0.004050307306623,0.873330700997893,0.004378577904444,0.993676703940124,0.000521698240426,0.93057222844019,0.002374878501359
BNB,RandomOversampler,30%,0.871342826659984,0.005418892100837,0.884385756946407,0.005398238213194,0.873578363053846,0.005897820146889,0.993740529281145,0.000653201538014,0.930527543666144,0.003117647715205
BNB,RandomOversampler,40%,0.868471358722637,0.004337810701674,0.882144958843739,0.004258912452027,0.871185013651592,0.004386835363245,0.993678988800206,0.000614293572467,0.928965837433334,0.002589657125715
BNB,RandomOversampler,50%,0.868607877111009,0.00503737745877,0.88263528468327,0.005244552000923,0.871494895221011,0.005393450555422,0.993707856308756,0.000581240614554,0.929051420589034,0.002949581346598
BNB,RandomOversampler,60%,0.868745330556836,0.005194211737051,0.883165319449133,0.003966812065394,0.871629413271579,0.005142405872511,0.993704321693532,0.000574446750705,0.929122795453937,0.002955775322748
BNB,RandomOversampler,70%,0.869291591121817,0.003394166598776,0.884373501557802,0.003158135310776,0.872429573642308,0.003622783500753,0.993800810962004,0.000555677387623,0.929462262485308,0.002029388614854
BNB,RandomOversampler,80%,0.86833493384001,0.004263562050468,0.882996057558623,0.003342440808028,0.871400932022418,0.004322509568648,0.993757289691909,0.0005102449608,0.928929287299175,0.002439711817123
BNB,RandomOversampler,90%,0.868881661933717,0.003921856410876,0.884418142207064,0.004055620198104,0.872278920105484,0.004205540814443,0.993847670174659,0.000547713633344,0.929264378800451,0.002280398894142
BNB,RandomOversampler,100%,0.866694375535905,0.005677542559364,0.882371109003247,0.005171885349608,0.8698300384384,0.005635680532765,0.993724708939032,0.000536822948228,0.928034206109239,0.003231716599289
BNB,SMOTE,0%,0.874487331374076,0.004377373601696,0.882268153904185,0.00476466119688,0.874310159145442,0.004800020879373,0.993540401073924,0.000624411003885,0.932112561563275,0.002523767048438
BNB,SMOTE,10%,0.874350438962722,0.006346992655295,0.882059892244175,0.005512831114445,0.874543837661158,0.006619710384444,0.99345728225728,0.000621446680211,0.931997747757857,0.003599403175243
BNB,SMOTE,20%,0.874487331374076,0.005339061979853,0.880485298220107,0.006646747538282,0.874200902157821,0.0063879624344,0.993387038031627,0.000722515439691,0.932039580259512,0.003129476148128
BNB,SMOTE,30%,0.874897073550684,0.005069506857753,0.88136067781179,0.006197059639578,0.874569916833429,0.006071661532833,0.993352202184219,0.00064473463289,0.932242016506807,0.003001847932478
BNB,SMOTE,40%,0.875307376761765,0.00511386755491,0.88281771911287,0.006362277019156,0.875425625265807,0.006204454166231,0.993401487605451,0.000756817603731,0.932483704088627,0.003044018990803
BNB,SMOTE,50%,0.872982917435362,0.00416789147086,0.879280304796728,0.005012568878597,0.872636993851985,0.005064332645606,0.993219009792433,0.000666811683142,0.931160229498694,0.002493160052582
BNB,SMOTE,60%,0.874486676833858,0.007329226331789,0.881882637135745,0.007100176653042,0.874846408508586,0.00784191562983,0.993389936750675,0.000727293157136,0.932037158767974,0.004195019399104
BNB,SMOTE,70%,0.873392940129206,0.005062984768099,0.880633352216091,0.005028577294288,0.873633037909987,0.005660370350176,0.993300797302826,0.000635256573601,0.93141606964353,0.002949070955291
BNB,SMOTE,80%,0.872846960081462,0.005196751996781,0.88031906723277,0.006702553459824,0.873119113168125,0.006301594503517,0.993262514684431,0.000709109680468,0.931106793961238,0.003044277201014
BNB,SMOTE,90%,0.872435721812927,0.004292396863577,0.881022468566141,0.003676742259244,0.873070242258912,0.004440582837487,0.993362905713876,0.00056201595147,0.930935459392183,0.002480457368569
BNB,SMOTE,100%,0.872435908824418,0.005490659074126,0.881063626137593,0.004790034700785,0.873029760325053,0.005725761414949,0.993333687826684,0.00056768779515,0.930920276322701,0.003133801851677
BNB,BorderlineSMOTE-1,0%,0.874487331374076,0.004377373601696,0.882268153904185,0.00476466119688,0.874310159145442,0.004800020879373,0.993540401073924,0.000624411003885,0.932112561563275,0.002523767048438
BNB,BorderlineSMOTE-1,10%,0.868198415451638,0.005515675413436,0.878544825782686,0.006366074232692,0.86815115763144,0.006238985759236,0.993347035975762,0.000549226022606,0.92866284509994,0.003151656890015
BNB,BorderlineSMOTE-1,20%,0.858081000287063,0.003978577474451,0.870916663043502,0.003114624129166,0.858298379082116,0.004129718154061,0.992811279584854,0.00042087925729,0.922988675900737,0.002199186389009
BNB,BorderlineSMOTE-1,30%,0.847690828862979,0.005786546710083,0.86379494018899,0.005122652601582,0.848611131206607,0.005235931445127,0.992284759175545,0.000366807566382,0.917137677338986,0.003228114953108
BNB,BorderlineSMOTE-1,40%,0.837298787323987,0.00256530536725,0.853854022688832,0.004335283092726,0.838084571345681,0.002305899097237,0.991614112569502,0.000381329025943,0.91119464668489,0.001532823487623
BNB,BorderlineSMOTE-1,50%,0.826908054865431,0.003794334360453,0.846681437533672,0.00659093391056,0.828163477893752,0.004456655166737,0.991156344595611,0.000539471232894,0.905312973055978,0.002271664405488
BNB,BorderlineSMOTE-1,60%,0.81993448987473,0.003548076840959,0.840668854829883,0.006198547530001,0.820773436195701,0.003390545243955,0.990798659208616,0.000412177386423,0.90132493032202,0.002078274467919
BNB,BorderlineSMOTE-1,70%,0.812824032472675,0.005616556525279,0.83342557982929,0.007295530106742,0.812804922527007,0.005878615787604,0.990240715066884,0.000580372046971,0.897152631117496,0.003275928475188
BNB,BorderlineSMOTE-1,80%,0.806945326255572,0.006945415216824,0.830712539034633,0.007112507972031,0.807065197765295,0.007498972778305,0.990009876889523,0.000666871098348,0.893795875459254,0.004113021301107
BNB,BorderlineSMOTE-1,90%,0.800519611427524,0.006852427041767,0.826157020205007,0.008743065570809,0.800676507788189,0.007304062582447,0.989704564618899,0.000733029564474,0.890093055303086,0.004126591519434
BNB,BorderlineSMOTE-1,100%,0.794639876647221,0.008177104267914,0.819358729511528,0.008741442430565,0.794316031005742,0.008751066006157,0.989283740175542,0.000867759843151,0.886626489872142,0.004909952952187
BNB,BorderlineSMOTE-2,0%,0.874487331374076,0.004377373601696,0.882268153904185,0.00476466119688,0.874310159145442,0.004800020879373,0.993540401073924,0.000624411003885,0.932112561563275,0.002523767048438
BNB,BorderlineSMOTE-2,10%,0.868198415451638,0.005515675413436,0.878544825782686,0.006366074232692,0.86815115763144,0.006238985759236,0.993347035975762,0.000549226022606,0.92866284509994,0.003151656890015
BNB,BorderlineSMOTE-2,20%,0.858081000287063,0.003978577474451,0.870916663043502,0.003114624129166,0.858298379082116,0.004129718154061,0.992811279584854,0.00042087925729,0.922988675900737,0.002199186389009
BNB,BorderlineSMOTE-2,30%,0.847690828862979,0.005786546710083,0.86379494018899,0.005122652601582,0.848611131206607,0.005235931445127,0.992284759175545,0.000366807566382,0.917137677338986,0.003228114953108
BNB,BorderlineSMOTE-2,40%,0.837298787323987,0.00256530536725,0.853854022688832,0.004335283092726,0.838084571345681,0.002305899097237,0.991614112569502,0.000381329025943,0.91119464668489,0.001532823487623
BNB,BorderlineSMOTE-2,50%,0.826908054865431,0.003794334360453,0.846681437533672,0.00659093391056,0.828163477893752,0.004456655166737,0.991156344595611,0.000539471232894,0.905312973055978,0.002271664405488
BNB,BorderlineSMOTE-2,60%,0.81993448987473,0.003548076840959,0.840668854829883,0.006198547530001,0.820773436195701,0.003390545243955,0.990798659208616,0.000412177386423,0.90132493032202,0.002078274467919
BNB,BorderlineSMOTE-2,70%,0.812824032472675,0.005616556525279,0.83342557982929,0.007295530106742,0.812804922527007,0.005878615787604,0.990240715066884,0.000580372046971,0.897152631117496,0.003275928475188
BNB,BorderlineSMOTE-2,80%,0.806945326255572,0.006945415216824,0.830712539034633,0.007112507972031,0.807065197765295,0.007498972778305,0.990009876889523,0.000666871098348,0.893795875459254,0.004113021301107
BNB,BorderlineSMOTE-2,90%,0.800519611427524,0.006852427041767,0.826157020205007,0.008743065570809,0.800676507788189,0.007304062582447,0.989704564618899,0.000733029564474,0.890093055303086,0.004126591519434
BNB,BorderlineSMOTE-2,100%,0.794639876647221,0.008177104267914,0.819358729511528,0.008741442430565,0.794316031005742,0.008751066006157,0.989283740175542,0.000867759843151,0.886626489872142,0.004909952952187
BNB,SMOTETomek,0%,0.874487331374076,0.004377373601696,0.882268153904185,0.00476466119688,0.874310159145442,0.004800020879373,0.993540401073924,0.000624411003885,0.932112561563275,0.002523767048438
BNB,SMOTETomek,10%,0.875170577856157,0.005451770081353,0.882885337809842,0.004954714006963,0.875411823021461,0.005952535691109,0.993545360071302,0.000662997052283,0.93247765624742,0.003148303653748
BNB,SMOTETomek,20%,0.875034059467784,0.00544350811957,0.881099705464204,0.006323771121658,0.874735867154627,0.006329926935751,0.993439872828775,0.000689626859252,0.93235548555054,0.003163919065049
BNB,SMOTETomek,30%,0.875033872456293,0.005000757294639,0.881497296373993,0.006186985134008,0.874788305735477,0.006073041895774,0.993375971245054,0.000655117339061,0.932326154246136,0.002969310029091
BNB,SMOTETomek,40%,0.875580881067237,0.004600660661022,0.883329806838928,0.006124661243064,0.87575368709049,0.005795747202974,0.993447547378915,0.00074454552708,0.932651651894939,0.002766489791107
BNB,SMOTETomek,50%,0.873119622835225,0.004619319259455,0.879502747163827,0.005608696590226,0.872817500577391,0.005563097160393,0.993254911614832,0.000715115108256,0.931249476353495,0.002755013908761
BNB,SMOTETomek,60%,0.874486676833858,0.007329226331789,0.881863746167731,0.007160481473103,0.874829578901232,0.007854152761205,0.99339155996568,0.000729617638831,0.932037925966223,0.004196479153379
BNB,SMOTETomek,70%,0.873666444434678,0.004968306491822,0.88090701422641,0.005008168614468,0.873915771686459,0.005616314111915,0.993324012098833,0.000652059032297,0.931572946047218,0.002910652075333
BNB,SMOTETomek,80%,0.873393781680915,0.005364843839575,0.880795200036586,0.006688795542184,0.873672605154453,0.00644458431297,0.993302430082228,0.000710647826495,0.931416882352227,0.003131351714137
BNB,SMOTETomek,90%,0.872435721812927,0.004292396863577,0.881022468566141,0.003676742259244,0.873070242258912,0.004440582837487,0.993362905713876,0.00056201595147,0.930935459392183,0.002480457368569
BNB,SMOTETomek,100%,0.872572614224281,0.005388037087795,0.881217895266909,0.004600898488318,0.873158085283032,0.005603771451027,0.993344802086835,0.000557450451424,0.930998558273426,0.003072772923048
BNB,SMOTEENN,0%,0.874487331374076,0.004377373601696,0.882268153904185,0.00476466119688,0.874310159145442,0.004800020879373,0.993540401073924,0.000624411003885,0.932112561563275,0.002523767048438
BNB,SMOTEENN,10%,0.874076560634268,0.002840069658927,0.885262423466592,0.003617372472873,0.876116455972207,0.003498378486643,0.993798294908254,0.000546185139617,0.932015950130882,0.001628494777645
BNB,SMOTEENN,20%,0.874213359539877,0.004315498680973,0.884900786398334,0.007086411445997,0.875932601569238,0.005557220574818,0.993847416533304,0.000676113966137,0.932110864519664,0.002599048782165
BNB,SMOTEENN,30%,0.873393033634952,0.00351283827152,0.884249095589055,0.005315616037272,0.875253265489529,0.004482182928009,0.993740345268947,0.000588971638764,0.931624026889611,0.00214479959631
BNB,SMOTEENN,40%,0.873803523857523,0.003170403847551,0.885353711499356,0.00476087971735,0.875746252198473,0.003955836377208,0.993813292874508,0.000681959878209,0.931877235715435,0.001880596896949
BNB,SMOTEENN,50%,0.871752475330847,0.002701480406799,0.882288575072427,0.005149336337895,0.873331443934056,0.003797751903272,0.993623130314114,0.000733891524364,0.930694438522091,0.001763102045127
BNB,SMOTEENN,60%,0.872162778541927,0.004876863060037,0.883401088805845,0.005642286479536,0.874047329213922,0.005528804020717,0.993723785615229,0.000693147397464,0.930958221572279,0.00283311291967
BNB,SMOTEENN,70%,0.871888806707728,0.004314800029444,0.882508194720846,0.005285556352077,0.873367801766522,0.004990578342546,0.993657378144017,0.000683910685192,0.93078168105558,0.002566595384883
BNB,SMOTEENN,80%,0.872162872047673,0.004216540724603,0.883374448755019,0.005857679541684,0.873914818383119,0.005111928728793,0.993630348820195,0.000709544004284,0.930915268961463,0.002461727351293
BNB,SMOTEENN,90%,0.872025605613337,0.003650555584706,0.883222016675174,0.004546203892034,0.873896428385692,0.004146498406575,0.993660044314965,0.000645797147506,0.930856584991881,0.002181546441003
BNB,SMOTEENN,100%,0.872435908824418,0.003801198407447,0.88318049995266,0.004422710578982,0.873885661526978,0.004387925830006,0.993607568309698,0.000573651006703,0.931050868443194,0.002271178759458
BNB,SVMSMOTE,0%,0.874487331374076,0.004377373601696,0.882268153904185,0.00476466119688,0.874310159145442,0.004800020879373,0.993540401073924,0.000624411003885,0.932112561563275,0.002523767048438
BNB,SVMSMOTE,10%,0.870795537531804,0.003095346954433,0.879124574696213,0.002917983502843,0.870240303228712,0.003350180924354,0.993465376806979,0.000515369940106,0.930108990517278,0.001759685161881
BNB,SVMSMOTE,20%,0.867241197135358,0.002699326600214,0.877225725253266,0.002453907363851,0.866803320439357,0.002949613795837,0.993294537387835,0.000439781661146,0.92812926938904,0.001503047268844
BNB,SVMSMOTE,30%,0.868198041428655,0.001453316459212,0.876571766270948,0.002836142596518,0.86654188988374,0.002269987654329,0.993158697974419,0.000586626148645,0.928578265553351,0.000720438252487
BNB,SVMSMOTE,40%,0.866693908007177,0.003091514927127,0.875222331898772,0.002329874163152,0.865127424788276,0.003783570557938,0.993101573509749,0.000435526625185,0.927745976675463,0.001751308266961
BNB,SVMSMOTE,50%,0.864370664255465,0.004641329887395,0.874728290902169,0.003934651600758,0.863470205354459,0.004776873509607,0.993078163949814,0.000389251313703,0.926488990050074,0.002577618443041
BNB,SVMSMOTE,60%,0.862592746011278,0.002711350073258,0.871756745678827,0.002714176169573,0.860958327263612,0.002576531888746,0.992913828642832,0.000427364905996,0.925460973564655,0.001435117044861
BNB,SVMSMOTE,70%,0.864368981152047,0.002723108540096,0.873275121527717,0.004158395666585,0.862141227909875,0.003794334887977,0.992918580867956,0.000487776470525,0.926415788247023,0.001600431661444
BNB,SVMSMOTE,80%,0.863139567610732,0.001774229906489,0.873142443240887,0.003057679444514,0.861547238190632,0.002063277362321,0.993002030540931,0.000451851422732,0.925795976510584,0.000863750901866
BNB,SVMSMOTE,90%,0.859584011639595,0.002838828820599,0.870563441336002,0.0033950338097,0.858125399775813,0.003508294285428,0.992677022227778,0.000426778639387,0.923735576672979,0.001687382623084
BNB,SVMSMOTE,100%,0.859584759685559,0.003404009362062,0.86649200312065,0.004718754130841,0.856415296348524,0.003418503687314,0.992563140720305,0.00051924834358,0.923682409594998,0.001963870727222
LDA,RandomOversampler,0%,0.911949660246874,0.004155951208412,0.917129098342439,0.004692304850616,0.91297028678247,0.004382424787288,0.995229280939591,0.000398082090321,0.952677746749613,0.002319669700368
LDA,RandomOversampler,10%,0.909625200920471,0.003104396922916,0.917201602544437,0.002843881325609,0.91161634589919,0.002829614547289,0.995407242604877,0.000259897539469,0.951548801927358,0.001704610522961
LDA,RandomOversampler,20%,0.90730130262854,0.004086709211312,0.918441531124083,0.003290545865833,0.910197687740518,0.003689474539509,0.995598226461042,0.000279295136982,0.950422613433159,0.002181297626704
LDA,RandomOversampler,30%,0.905523571395844,0.002538442071692,0.92074274002349,0.003095687816438,0.90956743743657,0.002463069241048,0.995895083246686,0.000253302975985,0.949634088480189,0.00141461593277
LDA,RandomOversampler,40%,0.903609321774776,0.002636658748577,0.919960915034567,0.002871908997432,0.907973875469369,0.002653365010739,0.995923864303406,0.000285650019803,0.948643448959467,0.001472799980087
LDA,RandomOversampler,50%,0.902926075292696,0.002693205651436,0.921494892931623,0.001893205976969,0.907946564588166,0.002429381811296,0.996046404089013,0.000134915030439,0.948342896625108,0.001410708675875
LDA,RandomOversampler,60%,0.903062874198305,0.002373223264822,0.92224252260404,0.003085832377147,0.908138000669146,0.002268880143816,0.996037854454863,0.000256264412677,0.948410867123288,0.001226442860346
LDA,RandomOversampler,70%,0.900464630049193,0.003082609888186,0.921425088629796,0.002086012764932,0.905863198248381,0.002728953592705,0.996041166570313,0.000178096441323,0.947046589451647,0.0016327336578
LDA,RandomOversampler,80%,0.900601615966293,0.001759428923996,0.921238433339759,0.002483966551216,0.906047964193503,0.001576241704929,0.996041775662028,0.000200307259836,0.947119807658308,0.000909040628452
LDA,RandomOversampler,90%,0.901968576459181,0.002478240545984,0.923391483657697,0.00245470469078,0.907412439778841,0.001932537611816,0.996171091376499,0.00018859544028,0.947899473098579,0.001341384920293
LDA,RandomOversampler,100%,0.901148624577237,0.003039884532279,0.922139577599919,0.002463058001288,0.906692150788944,0.002959280933789,0.996118176673827,0.000109058484164,0.947442911630884,0.001633436661751
LDA,SMOTE,0%,0.911949660246874,0.004155951208412,0.917129098342439,0.004692304850616,0.91297028678247,0.004382424787288,0.995229280939591,0.000398082090321,0.952677746749613,0.002319669700368
LDA,SMOTE,10%,0.910172583554397,0.005916444691922,0.918277813478567,0.004687176583119,0.912348397690862,0.005552123272386,0.995453581248727,0.000331794816838,0.951853791850584,0.003206852695974
LDA,SMOTE,20%,0.908531277204328,0.003197368799931,0.919565793882359,0.002601976042451,0.911372298383301,0.002920197690762,0.995686600843136,0.00027786530365,0.951109782069952,0.001739125532506
LDA,SMOTE,30%,0.906481444252342,0.003504431097212,0.920400802625313,0.002485721995886,0.910147442089941,0.003525863836528,0.99582676347906,0.000224909711355,0.950102694128266,0.001848408484176
LDA,SMOTE,40%,0.904430021702683,0.004413566378314,0.920747056915297,0.002815486855275,0.908548365658357,0.003682799596712,0.995911245295165,0.000220707690858,0.949066219518739,0.002319951954757
LDA,SMOTE,50%,0.904702871467937,0.002409157151754,0.921782978620081,0.001291386659671,0.909241688391654,0.002297234293698,0.996019187430824,0.000122088965045,0.94926282069651,0.001297779956055
LDA,SMOTE,60%,0.902925607763969,0.002086783288916,0.922606025847412,0.002284951886389,0.908042870511784,0.002125180586955,0.996106842234289,0.000167440589619,0.948371928642045,0.001163719828846
LDA,SMOTE,70%,0.903335817469304,0.001132261438577,0.922881093740395,0.002478766129448,0.908556465288338,0.001337657859302,0.99614054005048,0.000222028868483,0.948603809567947,0.00069838396786
LDA,SMOTE,80%,0.904156797914448,0.00167500455867,0.924209883513125,0.002327582297019,0.909423202827826,0.0012267335041,0.996178580060286,0.000148106845934,0.94905257811216,0.00084588148137
LDA,SMOTE,90%,0.903609134763286,0.001696505278572,0.924778495863029,0.002478303425755,0.909105352087618,0.001695545870097,0.996246111661357,0.000182433429389,0.948797363697409,0.000976029205103
LDA,SMOTE,100%,0.901284955954119,0.002763528199662,0.923991247550086,0.002547289682426,0.907080030252647,0.002297365072498,0.996157063175867,0.000134996884419,0.947533267406047,0.001464719055923
LDA,BorderlineSMOTE-1,0%,0.911949660246874,0.004155951208412,0.917129098342439,0.004692304850616,0.91297028678247,0.004382424787288,0.995229280939591,0.000398082090321,0.952677746749613,0.002319669700368
LDA,BorderlineSMOTE-1,10%,0.90292579477546,0.002371814578158,0.921142539961579,0.00227641996003,0.907134093258935,0.002312720656683,0.996114155268573,0.000202004986811,0.948375354991684,0.001330060347611
LDA,BorderlineSMOTE-1,20%,0.902516333116088,0.004365795788388,0.922653318847351,0.003555224086999,0.906629168212932,0.004284786496106,0.996237054714836,0.000191404824525,0.948216881774476,0.002364825309349
LDA,BorderlineSMOTE-1,30%,0.898824726285307,0.004041974597099,0.920179653669781,0.004207284875886,0.902921512242779,0.004087854995204,0.996132055159072,0.000226846144741,0.946226122872494,0.002198706868053
LDA,BorderlineSMOTE-1,40%,0.89814017072279,0.00365346262749,0.91927402311121,0.002128235260241,0.901991974239071,0.003683344283321,0.996025211451343,0.000138739385191,0.945815330247532,0.001949291552636
LDA,BorderlineSMOTE-1,50%,0.896636504830039,0.003755979241762,0.917421857635255,0.002292169633006,0.900502310077449,0.003692180080413,0.995942700307906,0.000160160995948,0.944983999125558,0.002006346105586
LDA,BorderlineSMOTE-1,60%,0.89731993832361,0.003859293048317,0.917619926665804,0.003168866341889,0.901221623119191,0.003808054058383,0.99594970404723,0.000221349830513,0.945347319829961,0.002075954969198
LDA,BorderlineSMOTE-1,70%,0.893902209821282,0.003945035419359,0.91395313388051,0.002888160148978,0.897476828132639,0.003938321158039,0.995710133144413,0.000197043763228,0.943431683836947,0.002132202836603
LDA,BorderlineSMOTE-1,80%,0.893628612010065,0.002146197955146,0.913864268210152,0.00302621548367,0.896862858281131,0.002791460163808,0.995663552095171,0.000295621964785,0.943266784405525,0.001181444063932
LDA,BorderlineSMOTE-1,90%,0.890073991096383,0.004305872282222,0.910260578000156,0.005054171664567,0.893170904708069,0.005027157847844,0.995479755610091,0.000375266888932,0.941300137070526,0.002397129605722
LDA,BorderlineSMOTE-1,100%,0.890483733272991,0.003284264288742,0.911297886593034,0.001099258953921,0.893453216605766,0.003230613360562,0.995432750138028,0.000228794426159,0.941495466054744,0.001754827302735
LDA,BorderlineSMOTE-2,0%,0.911949660246874,0.004155951208412,0.917129098342439,0.004692304850616,0.91297028678247,0.004382424787288,0.995229280939591,0.000398082090321,0.952677746749613,0.002319669700368
LDA,BorderlineSMOTE-2,10%,0.90292579477546,0.002371814578158,0.921142539961579,0.00227641996003,0.907134093258935,0.002312720656683,0.996114155268573,0.000202004986811,0.948375354991684,0.001330060347611
LDA,BorderlineSMOTE-2,20%,0.902516333116088,0.004365795788388,0.922653318847351,0.003555224086999,0.906629168212932,0.004284786496106,0.996237054714836,0.000191404824525,0.948216881774476,0.002364825309349
LDA,BorderlineSMOTE-2,30%,0.898824726285307,0.004041974597099,0.920179653669781,0.004207284875886,0.902921512242779,0.004087854995204,0.996132055159072,0.000226846144741,0.946226122872494,0.002198706868053
LDA,BorderlineSMOTE-2,40%,0.89814017072279,0.00365346262749,0.91927402311121,0.002128235260241,0.901991974239071,0.003683344283321,0.996025211451343,0.000138739385191,0.945815330247532,0.001949291552636
LDA,BorderlineSMOTE-2,50%,0.896636504830039,0.003755979241762,0.917421857635255,0.002292169633006,0.900502310077449,0.003692180080413,0.995942700307906,0.000160160995948,0.944983999125558,0.002006346105586
LDA,BorderlineSMOTE-2,60%,0.89731993832361,0.003859293048317,0.917619926665804,0.003168866341889,0.901221623119191,0.003808054058383,0.99594970404723,0.000221349830513,0.945347319829961,0.002075954969198
LDA,BorderlineSMOTE-2,70%,0.893902209821282,0.003945035419359,0.91395313388051,0.002888160148978,0.897476828132639,0.003938321158039,0.995710133144413,0.000197043763228,0.943431683836947,0.002132202836603
LDA,BorderlineSMOTE-2,80%,0.893628612010065,0.002146197955146,0.913864268210152,0.00302621548367,0.896862858281131,0.002791460163808,0.995663552095171,0.000295621964785,0.943266784405525,0.001181444063932
LDA,BorderlineSMOTE-2,90%,0.890073991096383,0.004305872282222,0.910260578000156,0.005054171664567,0.893170904708069,0.005027157847844,0.995479755610091,0.000375266888932,0.941300137070526,0.002397129605722
LDA,BorderlineSMOTE-2,100%,0.890483733272991,0.003284264288742,0.911297886593034,0.001099258953921,0.893453216605766,0.003230613360562,0.995432750138028,0.000228794426159,0.941495466054744,0.001754827302735
LDA,SMOTETomek,0%,0.911949660246874,0.004155951208412,0.917129098342439,0.004692304850616,0.91297028678247,0.004382424787288,0.995229280939591,0.000398082090321,0.952677746749613,0.002319669700368
LDA,SMOTETomek,10%,0.910309382460005,0.005896396851227,0.918153330049332,0.005189568210297,0.912358761388341,0.005616100294562,0.995465805559053,0.000335505684524,0.951931151053954,0.003182902024016
LDA,SMOTETomek,20%,0.908394758815955,0.002122051368892,0.919633624554724,0.001774086146119,0.911256155158705,0.001832085107374,0.99571599371293,0.00020172412522,0.951053106637823,0.001143114094851
LDA,SMOTETomek,30%,0.906618149652205,0.003483508049552,0.920648852135801,0.002657304869256,0.910332366179277,0.00354222921951,0.995861112768993,0.000272532414961,0.950190737795753,0.00183843231837
LDA,SMOTETomek,40%,0.904293222797075,0.004552690892265,0.920662639456809,0.003112501841131,0.908465170006858,0.003794387108573,0.995919067798432,0.000242846708307,0.948998003411599,0.002401030121391
LDA,SMOTETomek,50%,0.904702964973683,0.002481718788829,0.921749084378761,0.001178047758424,0.909212610316063,0.002378641209233,0.996014491876799,9.69252287219351E-05,0.949260576679314,0.001330123754299
LDA,SMOTETomek,60%,0.903062313163832,0.001919789129287,0.92279656113017,0.002245045110425,0.908199117618187,0.001953752411838,0.996125818141859,0.000165206072326,0.94845284339099,0.001075079443193
LDA,SMOTETomek,70%,0.903609228269031,0.001576526013178,0.922955408351226,0.002639084740022,0.908792049363769,0.00171583732925,0.996136275913584,0.000228695706789,0.948745172006365,0.000928927749489
LDA,SMOTETomek,80%,0.904566914114038,0.001514198378621,0.924428996208662,0.002295721786306,0.909820021441719,0.001125140835655,0.996194171055704,0.000145302626483,0.949275302304976,0.000764272536613
LDA,SMOTETomek,90%,0.903472429363422,0.001717316695003,0.924721885193809,0.002492142816539,0.908977023714376,0.001721916983269,0.996246889283612,0.000182577803824,0.948725948694418,0.000984768512694
LDA,SMOTETomek,100%,0.901558460259591,0.002906516119147,0.924256192592748,0.00257168845018,0.907343751689087,0.002427069563594,0.996179307524492,0.000119113999721,0.947687492128215,0.001539960501106
LDA,SMOTEENN,0%,0.911949660246874,0.004155951208412,0.917129098342439,0.004692304850616,0.91297028678247,0.004382424787288,0.995229280939591,0.000398082090321,0.952677746749613,0.002319669700368
LDA,SMOTEENN,10%,0.904019531480112,0.004208199395986,0.917072985590672,0.002844104503358,0.907157117069081,0.003764464486025,0.995402921865559,0.000104133994444,0.948608961410905,0.002243117415756
LDA,SMOTEENN,20%,0.899097763062051,0.00152499808844,0.918613084715191,0.003119183577732,0.90420660737993,0.001295564340914,0.995734113746284,0.000330658263992,0.946182660409653,0.000805598259202
LDA,SMOTEENN,30%,0.897731363603637,0.005180319736064,0.920128002314138,0.00279091822097,0.903740038192404,0.004889264013481,0.995897759665085,0.00019794573656,0.945537617005458,0.002762017325506
LDA,SMOTEENN,40%,0.897593442629082,0.001709257711665,0.919637604773954,0.003222516067383,0.903201517914936,0.001331918945551,0.995896162753591,0.000342983233217,0.945467641922113,0.000931939803926
LDA,SMOTEENN,50%,0.897593162111846,0.003430074302984,0.919751005555772,0.001875831755349,0.903569360164846,0.003173639960257,0.995900225748122,0.000224752752852,0.945468202073121,0.001852556455422
LDA,SMOTEENN,60%,0.899370706333051,0.003533160065397,0.923212358532412,0.003851699794574,0.905574576996653,0.00355536115157,0.996233095871793,0.000284227550734,0.946562083054644,0.001964790769109
LDA,SMOTEENN,70%,0.900464536543448,0.002698007267679,0.922219044998761,0.003914292648291,0.906401602770559,0.002855049128111,0.996117820573207,0.00030583558734,0.947083484299923,0.001555649189564
LDA,SMOTEENN,80%,0.900465284589412,0.00229404865402,0.922969580298974,0.001126935706622,0.906321488533882,0.001899528233512,0.99613546813121,0.000107271378279,0.947092303998308,0.001158024413304
LDA,SMOTEENN,90%,0.9015582732481,0.002046431155748,0.924029106981184,0.002598749747117,0.907504335847853,0.002039329146595,0.9962201317381,0.000195966053855,0.947707513394121,0.001166643397076
LDA,SMOTEENN,100%,0.898960590133461,0.002725028434715,0.923179000819686,0.001603201780488,0.905215853529718,0.00226564202043,0.996147594930105,0.00015906571097,0.946306188190992,0.001448085579108
LDA,SVMSMOTE,0%,0.911949660246874,0.004155951208412,0.917129098342439,0.004692304850616,0.91297028678247,0.004382424787288,0.995229280939591,0.000398082090321,0.952677746749613,0.002319669700368
LDA,SVMSMOTE,10%,0.910582606248241,0.003355394722547,0.918331071036661,0.00342298607441,0.912266492982147,0.002905095613908,0.995748754154675,0.00029948399311,0.95221252393249,0.001842638822616
LDA,SVMSMOTE,20%,0.909625855460689,0.003204606344953,0.920713278218586,0.00330560061479,0.912336325378292,0.002709039401821,0.996070457887923,0.000270266417341,0.951865854871018,0.001678004758751
LDA,SVMSMOTE,30%,0.908258333933329,0.004817864261108,0.918469852644491,0.005340115001063,0.910658584580087,0.004594611332036,0.995928920745815,0.00037870432988,0.951080847062365,0.002608867469662
LDA,SVMSMOTE,40%,0.908941860932645,0.001690671444203,0.918178791399113,0.000923855261434,0.910862997236023,0.001394621969326,0.99592831245917,0.000185746587294,0.951441049406958,0.000847923900361
LDA,SVMSMOTE,50%,0.906890905911714,0.002045327363418,0.920506552181578,0.001909556287217,0.909836389314984,0.001933491873925,0.996143111232593,0.000208151889563,0.950469361511286,0.001093505539796
LDA,SVMSMOTE,60%,0.905387988064927,0.005052790087663,0.917028106820802,0.003473699285054,0.907754039098769,0.00393664862911,0.995874451199819,0.000280263930526,0.949550331959446,0.002671049966423
LDA,SVMSMOTE,70%,0.907848498250975,0.004320655198548,0.919415114578014,0.003539393256491,0.910210473711077,0.003674605278327,0.996020684020755,0.000227367231779,0.950910669215924,0.002342076982572
LDA,SVMSMOTE,80%,0.907301583145776,0.004215876057415,0.920704298468549,0.004200421074637,0.909720099510036,0.00323361033237,0.996089963689772,0.000275736012742,0.950657186273616,0.002206968182851
LDA,SVMSMOTE,90%,0.909078753343999,0.003109451537555,0.917940399020215,0.001746471625151,0.910286639534088,0.002044445336826,0.995990354847939,0.00016762324701,0.951541369174841,0.001618527578778
LDA,SVMSMOTE,100%,0.910172864071633,0.006205517659147,0.918179348799931,0.005303766334888,0.910760681258839,0.005589509750339,0.995964497936473,0.00034003542276,0.952097613025271,0.003348924385115
AdaBoost,RandomOversampler,0%,0.340034204401689,0.048122945566276,0.229266700150864,0.04039775269164,0.241780833250642,0.041340225170633,0.938792266689889,0.007969811455001,0.563634812294469,0.043546944159712
AdaBoost,RandomOversampler,10%,0.391579901127025,0.02017737032486,0.307186403038521,0.026978571345844,0.306982203336097,0.019303396280505,0.948855502889013,0.003361697400829,0.60936911177004,0.016781424066629
AdaBoost,RandomOversampler,20%,0.378447954234548,0.051613282424727,0.299900263382328,0.036720938935561,0.293260243019542,0.043655587329161,0.947424195105019,0.005047802897977,0.597421003653416,0.043236675163774
AdaBoost,RandomOversampler,30%,0.400056944998986,0.021621001044536,0.318171890395738,0.019232019029307,0.315646524483309,0.01947646234151,0.949931004153595,0.002215826129258,0.61623984808817,0.01735529587919
AdaBoost,RandomOversampler,40%,0.369843088008543,0.053067352165591,0.290299594850386,0.053499185352843,0.29351491621517,0.051662689622423,0.948209477281553,0.004740519194407,0.590707457721616,0.04446870143624
AdaBoost,RandomOversampler,50%,0.387342781777226,0.04401973562441,0.308252247212397,0.047999159558279,0.312194066949161,0.04258046304094,0.950417893896645,0.003236470706979,0.605738109719242,0.036677366224697
AdaBoost,RandomOversampler,60%,0.349453505670656,0.064956696842256,0.26393103047782,0.047290029408493,0.266809511010758,0.055099666023681,0.945020813548516,0.009319816574019,0.572294077558407,0.057432460611064
AdaBoost,RandomOversampler,70%,0.335236144084873,0.071894544540095,0.259542305486128,0.054403843681652,0.252129538352203,0.061737151419597,0.940076957974264,0.010546293496482,0.558359464114564,0.064289182546638
AdaBoost,RandomOversampler,80%,0.2990092131211,0.064849908882684,0.230700895194921,0.041688937634045,0.219529597842868,0.055952072631646,0.934929710051325,0.009609219382832,0.526019730522388,0.058924593539816
AdaBoost,RandomOversampler,90%,0.276452822143657,0.041493389777865,0.214091718638089,0.027873264325785,0.199552396753086,0.031274507927019,0.934561502883938,0.008985812709974,0.507065088870478,0.038575693951649
AdaBoost,RandomOversampler,100%,0.197548092342534,0.092877676871274,0.108906392858154,0.060481782195462,0.120420994597509,0.076011144116983,0.961297824209665,0.012567812330921,0.420434865530417,0.112541982614005
AdaBoost,SMOTE,0%,0.340034204401689,0.048122945566276,0.229266700150864,0.04039775269164,0.241780833250642,0.041340225170633,0.938792266689889,0.007969811455001,0.563634812294469,0.043546944159712
AdaBoost,SMOTE,10%,0.390897309185163,0.026043032454092,0.316824491527611,0.032981552388945,0.314159013737754,0.027531816298524,0.950247222368473,0.003229324599384,0.609155238108738,0.021340866471344
AdaBoost,SMOTE,20%,0.388845512612522,0.027213852445402,0.354842624484109,0.072909942505633,0.329685213790457,0.045554853698909,0.950673864639686,0.004418751870004,0.607665218679799,0.022673738704432
AdaBoost,SMOTE,30%,0.381464169065868,0.023481133406339,0.335758609435563,0.059656063586757,0.313797198807912,0.035509399836762,0.950686115152095,0.003875737462834,0.601947839181011,0.019552200333601
AdaBoost,SMOTE,40%,0.375315605267366,0.04215081221045,0.346831090914522,0.077576960997728,0.316939250149717,0.050282086428591,0.952082664578633,0.004047429142532,0.59685983012319,0.035360166145601
AdaBoost,SMOTE,50%,0.356843638757383,0.029447838250306,0.324175436250464,0.03006556026561,0.295706010090783,0.015883398239842,0.951397630532456,0.00307014986794,0.582165855827428,0.024157451696012
AdaBoost,SMOTE,60%,0.319529984019868,0.050213777153038,0.261228187199442,0.088844760329622,0.24806728677514,0.061908666544315,0.943769282336638,0.01156879627906,0.547613542958306,0.047395885217853
AdaBoost,SMOTE,70%,0.313102866605639,0.063382411204455,0.235500656096008,0.106597344356315,0.233091993581691,0.082497652301102,0.936314020652962,0.012913992025139,0.53894269542732,0.059177568858813
AdaBoost,SMOTE,80%,0.355331837864778,0.059042434645417,0.288149100920177,0.071455168223622,0.273728160588521,0.064184956130038,0.942674792589661,0.009904413402962,0.576842744325389,0.05263004821897
AdaBoost,SMOTE,90%,0.309809126721791,0.075670565219427,0.241802815500154,0.106370886089139,0.22729739811567,0.08923708098133,0.930879981552238,0.025083099235898,0.533488865224652,0.07462244122932
AdaBoost,SMOTE,100%,0.17365466271075,0.057950406349882,0.116623238962982,0.065903700407082,0.103456755579221,0.04822273522322,0.958131767546074,0.007187822848101,0.402821773755566,0.06320267038009
AdaBoost,BorderlineSMOTE-2,0%,0.340034204401689,0.048122945566276,0.229266700150864,0.04039775269164,0.241780833250642,0.041340225170633,0.938792266689889,0.007969811455001,0.563634812294469,0.043546944159712
AdaBoost,BorderlineSMOTE-2,10%,0.327454502441903,0.052500983163389,0.223039194533233,0.068137063893056,0.235774877751521,0.058227112928081,0.936915688016111,0.008821519046681,0.552212972168913,0.048099141876446
AdaBoost,BorderlineSMOTE-2,20%,0.334016268129595,0.024939437349596,0.214762414937329,0.052015617218838,0.233111669001303,0.032563105410729,0.936669448525653,0.005516035335292,0.559019555167778,0.021994256966061
AdaBoost,BorderlineSMOTE-2,30%,0.321986192941625,0.053890949345351,0.226165136559516,0.053475027021284,0.230711693403129,0.054103665675768,0.937030969303556,0.008306567450499,0.547344526013267,0.050378381409215
AdaBoost,BorderlineSMOTE-2,40%,0.342218592121393,0.024573512871297,0.250840494523714,0.037825458152408,0.25247656251621,0.032166284072578,0.941036547263338,0.004883879018166,0.567174153798059,0.021120657333901
AdaBoost,BorderlineSMOTE-2,50%,0.330872043932739,0.006711891170572,0.230985794983852,0.043180783419143,0.234845953417092,0.019664020987406,0.938023444898796,0.004952283795704,0.557087798594452,0.00699240994147
AdaBoost,BorderlineSMOTE-2,60%,0.306265071957346,0.042299001998269,0.192623207327192,0.032328931527816,0.209213137219401,0.029307576393534,0.933353346396974,0.004946090158756,0.533313183195697,0.04014972289466
AdaBoost,BorderlineSMOTE-2,70%,0.260331496568807,0.03467321005206,0.169716660950768,0.033910006182316,0.178987377840113,0.026937088232932,0.930391308042912,0.007193635063252,0.491230707610924,0.033790451191204
AdaBoost,BorderlineSMOTE-2,80%,0.24200278086087,0.017399913412037,0.106590212603355,0.031705498440668,0.117439911483748,0.029495794711196,0.886539941637709,0.021119862775719,0.462868279364193,0.01783454372196
AdaBoost,BorderlineSMOTE-2,90%,0.2080941378443,0.009399354508919,0.075544651411183,0.025775480890606,0.087353304508163,0.015439779006619,0.892228231272402,0.024819268703157,0.430626059112462,0.00580524998524
AdaBoost,BorderlineSMOTE-2,100%,0.071503843553667,0.016860006085828,0.01656317851876,0.009755907033766,0.017957858971737,0.004579459900586,0.96746161818922,0.01140966774239,0.260951776561827,0.029878092288929
AdaBoost,BorderlineSMOTE-1,0%,0.340034204401689,0.048122945566276,0.229266700150864,0.04039775269164,0.241780833250642,0.041340225170633,0.938792266689889,0.007969811455001,0.563634812294469,0.043546944159712
AdaBoost,BorderlineSMOTE-1,10%,0.327454502441903,0.052500983163389,0.223039194533233,0.068137063893056,0.235774877751521,0.058227112928081,0.936915688016111,0.008821519046681,0.552212972168913,0.048099141876446
AdaBoost,BorderlineSMOTE-1,20%,0.334016268129595,0.024939437349596,0.214762414937329,0.052015617218838,0.233111669001303,0.032563105410729,0.936669448525653,0.005516035335292,0.559019555167778,0.021994256966061
AdaBoost,BorderlineSMOTE-1,30%,0.321986192941625,0.053890949345351,0.226165136559516,0.053475027021284,0.230711693403129,0.054103665675768,0.937030969303556,0.008306567450499,0.547344526013267,0.050378381409215
AdaBoost,BorderlineSMOTE-1,40%,0.342218592121393,0.024573512871297,0.250840494523714,0.037825458152408,0.25247656251621,0.032166284072578,0.941036547263338,0.004883879018166,0.567174153798059,0.021120657333901
AdaBoost,BorderlineSMOTE-1,50%,0.330872043932739,0.006711891170572,0.230985794983852,0.043180783419143,0.234845953417092,0.019664020987406,0.938023444898796,0.004952283795704,0.557087798594452,0.00699240994147
AdaBoost,BorderlineSMOTE-1,60%,0.306265071957346,0.042299001998269,0.192623207327192,0.032328931527816,0.209213137219401,0.029307576393534,0.933353346396974,0.004946090158756,0.533313183195697,0.04014972289466
AdaBoost,BorderlineSMOTE-1,70%,0.260331496568807,0.03467321005206,0.169716660950768,0.033910006182316,0.178987377840113,0.026937088232932,0.930391308042912,0.007193635063252,0.491230707610924,0.033790451191204
AdaBoost,BorderlineSMOTE-1,80%,0.24200278086087,0.017399913412037,0.106590212603355,0.031705498440668,0.117439911483748,0.029495794711196,0.886539941637709,0.021119862775719,0.462868279364193,0.01783454372196
AdaBoost,BorderlineSMOTE-1,90%,0.2080941378443,0.009399354508919,0.075544651411183,0.025775480890606,0.087353304508163,0.015439779006619,0.892228231272402,0.024819268703157,0.430626059112462,0.00580524998524
AdaBoost,BorderlineSMOTE-1,100%,0.071503843553667,0.016860006085828,0.01656317851876,0.009755907033766,0.017957858971737,0.004579459900586,0.96746161818922,0.01140966774239,0.260951776561827,0.029878092288929
AdaBoost,SMOTETomek,0%,0.340034204401689,0.048122945566276,0.229266700150864,0.04039775269164,0.241780833250642,0.041340225170633,0.938792266689889,0.007969811455001,0.563634812294469,0.043546944159712
AdaBoost,SMOTETomek,10%,0.379140551291174,0.03495243773223,0.308979915952966,0.037845863411614,0.304567133160894,0.043163033228632,0.94825335396618,0.003907797458538,0.599020239030373,0.02867573461805
AdaBoost,SMOTETomek,20%,0.375995205025373,0.019511421212758,0.338539850843306,0.059078960947049,0.309746459677448,0.033954153159242,0.948709296164659,0.003442877346906,0.597077142734431,0.016482114285094
AdaBoost,SMOTETomek,30%,0.381327463666005,0.023653534964808,0.335522860850681,0.05996527436671,0.313670959096203,0.035700305040543,0.950658482014571,0.003927536904615,0.601827453395966,0.019711060194234
AdaBoost,SMOTETomek,40%,0.370257411966678,0.047639916190525,0.319845243251828,0.0783788503384,0.306472529962867,0.062178130516486,0.949895191188729,0.004814515720179,0.591880500489537,0.039885691794317
AdaBoost,SMOTETomek,50%,0.356843638757383,0.029447838250306,0.324175436250464,0.03006556026561,0.295706010090783,0.015883398239842,0.951397630532456,0.00307014986794,0.582165855827428,0.024157451696012
AdaBoost,SMOTETomek,60%,0.317069286822329,0.04521218545327,0.246574855084155,0.072856746826792,0.245506847389236,0.057287173240737,0.943026201472598,0.011000499757618,0.545543851412978,0.043260127358645
AdaBoost,SMOTETomek,70%,0.310915580207826,0.060596021505332,0.235400391169197,0.106431242165852,0.231520840231198,0.080031568835818,0.936219113063344,0.012772602618589,0.537202705930521,0.05698794822121
AdaBoost,SMOTETomek,80%,0.355331837864778,0.059042434645417,0.288149100920177,0.071455168223622,0.273728160588521,0.064184956130038,0.942674792589661,0.009904413402962,0.576842744325389,0.05263004821897
AdaBoost,SMOTETomek,90%,0.299146105532454,0.061792844726514,0.204855769115122,0.06687341567019,0.201508845813353,0.058939502039729,0.926812282974392,0.021829157737633,0.524065673019588,0.061910161234247
AdaBoost,SMOTETomek,100%,0.169826911514578,0.070314861860669,0.104059572228361,0.073608918443081,0.094640392559542,0.054677234089626,0.959455452328012,0.009024111991657,0.394186926182106,0.084675513452679
AdaBoost,SMOTEENN,0%,0.340034204401689,0.048122945566276,0.229266700150864,0.04039775269164,0.241780833250642,0.041340225170633,0.938792266689889,0.007969811455001,0.563634812294469,0.043546944159712
AdaBoost,SMOTEENN,10%,0.372156420151236,0.036049339456423,0.26855358958881,0.042436546988079,0.285487219129092,0.038786075293423,0.946593018506575,0.001813190647923,0.592842926707411,0.029494965485245
AdaBoost,SMOTEENN,20%,0.363145832495678,0.036077331426728,0.279827537245784,0.019356487488458,0.278064709624,0.032433101943035,0.948412388741894,0.00155647683204,0.586145913395567,0.029279025372222
AdaBoost,SMOTEENN,30%,0.375590699170511,0.072713183902594,0.279061458195312,0.05464943204354,0.295982757552198,0.065134862359056,0.954438778213125,0.003316716752583,0.595834842423702,0.058003219407892
AdaBoost,SMOTEENN,40%,0.327041207046967,0.065944341393913,0.267171058513488,0.052311838140626,0.257930142828409,0.063357258414792,0.951632609564333,0.004271399070564,0.55499540588849,0.057570815071475
AdaBoost,SMOTEENN,50%,0.326896086130012,0.057450418847289,0.241914236105762,0.076854496496826,0.250498505754193,0.06757274647588,0.945582733402535,0.012093582806249,0.554011768794003,0.050986963266477
AdaBoost,SMOTEENN,60%,0.348521627411396,0.111134761852102,0.255564643890512,0.116873726350133,0.265549378135138,0.106058703188203,0.947403735999635,0.006727235651024,0.566870827712427,0.097861296061131
AdaBoost,SMOTEENN,70%,0.261957561482365,0.063054782202608,0.16372283001439,0.064216298529548,0.184801508707406,0.06310373723169,0.947408055230873,0.009886129362067,0.495089048109975,0.060647556037756
AdaBoost,SMOTEENN,80%,0.232292583217776,0.042058853217163,0.156409314446704,0.062841576654406,0.161598769467689,0.047195863931226,0.944061082643603,0.005919093841606,0.466645493358725,0.041332208794684
AdaBoost,SMOTEENN,90%,0.279464081170467,0.054429503894486,0.244037489057689,0.088676660724671,0.238616186843926,0.069336339232383,0.972903596732819,0.017552094992093,0.51917663535775,0.053932508483025
AdaBoost,SMOTEENN,100%,0.089830034606476,0.029988782396226,0.050904177151676,0.024251551867821,0.060059856919096,0.028747354895967,0.982819684305304,0.006021741583514,0.291734634491962,0.056636627901986
AdaBoost,SVMSMOTE,0%,0.340034204401689,0.048122945566276,0.229266700150864,0.04039775269164,0.241780833250642,0.041340225170633,0.938792266689889,0.007969811455001,0.563634812294469,0.043546944159712
AdaBoost,SVMSMOTE,10%,0.36546804768419,0.062437060279543,0.283226825059931,0.090538039692272,0.276136214183821,0.06441978374751,0.942595332382765,0.010307627665563,0.584713050060049,0.056622815456338
AdaBoost,SVMSMOTE,20%,0.349479406762148,0.068528878742072,0.262823757778551,0.076170363915113,0.262178923815013,0.06983570775461,0.940991813780288,0.009738785278435,0.570755312204699,0.061207770180393
AdaBoost,SVMSMOTE,30%,0.394729642162863,0.036561847580232,0.29885089200054,0.05307935863507,0.305851339968989,0.036000867965074,0.949510811691721,0.006643583341247,0.611585576101494,0.028842464035513
AdaBoost,SVMSMOTE,40%,0.330193659749423,0.067957139346369,0.239127554923256,0.066903899092988,0.241625354842835,0.064423488963673,0.939402504391351,0.008246579053331,0.554045201975085,0.06133948310404
AdaBoost,SVMSMOTE,50%,0.388303740323324,0.086526573731651,0.283032287677157,0.092083038296053,0.301901150528914,0.08946554620422,0.944651789205727,0.012110208584996,0.601699680226042,0.076230821404014
AdaBoost,SVMSMOTE,60%,0.334966005986238,0.035855577002297,0.248051091982512,0.052594544509949,0.239771423024772,0.037420192010398,0.941785358835636,0.005437326542516,0.560820364510084,0.030207751136117
AdaBoost,SVMSMOTE,70%,0.327717066575156,0.072118073419126,0.201861620154547,0.1185842713743,0.21259135216762,0.099941801518684,0.915390305589022,0.038259951585865,0.545506763417967,0.070664145609056
AdaBoost,SVMSMOTE,80%,0.239536566824349,0.016583127016571,0.087022218581771,0.031117339905061,0.09660315668543,0.010219711751338,0.871582699950312,0.003201570329583,0.456606713160216,0.015281585971925
AdaBoost,SVMSMOTE,90%,0.216433260741706,0.011643247286311,0.110181805614903,0.059761914246023,0.085238564385161,0.019197996196813,0.892601628046745,0.029742149560092,0.439508242245326,0.019070453943685
AdaBoost,SVMSMOTE,100%,0.228067245591905,0.100270233683477,0.126026525334357,0.097991380300389,0.141682568879696,0.101232072437488,0.952601640251865,0.01093585985111,0.453166988445662,0.11147037356148
RandomForest,RandomOversampler,0%,0.926988750323764,0.004121199538332,0.918846237878122,0.0036529040411,0.920337076934106,0.004302012315741,0.995384335402647,0.00021902905457,0.960575791584323,0.00221228544425
RandomForest,RandomOversampler,10%,0.926852605958373,0.001674411945148,0.921275501116198,0.002527175777309,0.921430899518227,0.001658379953503,0.995472033306936,0.000180252144391,0.960549435671535,0.0009435579586
RandomForest,RandomOversampler,20%,0.927809637263162,0.003165877004311,0.922654752764797,0.003624697158661,0.923173000176236,0.00311606711821,0.995701885450338,0.000137633593913,0.961155183190606,0.001690941051158
RandomForest,RandomOversampler,30%,0.926167956890111,0.005292776888539,0.921102560185779,0.004796808122347,0.921633198806363,0.005478486973275,0.995524383229482,0.000292540392719,0.960216625677044,0.002876970706964
RandomForest,RandomOversampler,40%,0.925074968231423,0.002827727493394,0.91931901035703,0.005326098845912,0.920489224930291,0.003778785873751,0.995527910441992,0.000142537023973,0.959654079571446,0.001519302209379
RandomForest,RandomOversampler,50%,0.926305223324447,0.002513458238696,0.920859813360767,0.00351969725411,0.921595827641005,0.003013800198491,0.995577370792061,0.000133336459384,0.96031605108094,0.001342227078408
RandomForest,RandomOversampler,60%,0.927399053534844,0.004445905473716,0.921741339895848,0.005609126841099,0.922333039364377,0.004781102443828,0.995614542657136,0.000166964831373,0.960899065463769,0.002374354781705
RandomForest,RandomOversampler,70%,0.927398960029099,0.002197798998893,0.922289559097504,0.003285680906293,0.922663324544729,0.002778668337577,0.995633732095405,0.000109329437551,0.960910239655326,0.001184108960219
RandomForest,RandomOversampler,80%,0.925894826607621,0.003596301232753,0.919924703507226,0.004022996891281,0.920582393133588,0.004037379884348,0.995491197108664,0.000237155026453,0.960060964991,0.001971560503257
RandomForest,RandomOversampler,90%,0.927398866523354,0.00366635551002,0.921336470039158,0.003092388617427,0.921790194938802,0.003699495045959,0.995474329035751,0.000272127183832,0.960832200927309,0.002000095889369
RandomForest,RandomOversampler,100%,0.928219753462752,0.002076599847256,0.923444244764243,0.00363552057412,0.923060842692609,0.002022702223398,0.995586090694666,0.000148990319356,0.961312439675372,0.00111966554564
RandomForest,SMOTE,0%,0.926988656818018,0.003913784032864,0.91969873688704,0.005202753026277,0.920659361647176,0.004397178480145,0.995435611341091,0.000120984704487,0.96060065509481,0.002079512256016
RandomForest,SMOTE,10%,0.927808982722943,0.002873232252707,0.923632593478642,0.002880643983393,0.923741488891336,0.00320862742549,0.995620135047866,0.000202263447677,0.961115680242354,0.00158068267865
RandomForest,SMOTE,20%,0.926441835218565,0.002487192155233,0.922469371670142,0.002512371584449,0.922785800099962,0.002843283326549,0.995672813261087,0.000207502509045,0.96043291730213,0.00133688170389
RandomForest,SMOTE,30%,0.925075716277387,0.003990385092779,0.922437647065267,0.004763434335378,0.922308538229951,0.004203196661152,0.995617281526684,0.000156737953596,0.959696473040501,0.002128192870131
RandomForest,SMOTE,40%,0.925212047654268,0.003731300272507,0.922274222854076,0.003908027060618,0.92242046891313,0.00384977082868,0.995634071893154,0.000231059811855,0.959775590271545,0.002017485577422
RandomForest,SMOTE,50%,0.925349033571368,0.002449294672709,0.923477962626309,0.002671274377534,0.923062910224382,0.00182187247719,0.995760718885498,0.000201796556752,0.959908731605661,0.001341723575065
RandomForest,SMOTE,60%,0.926442489758783,0.001811448693149,0.924042063586644,0.002383214488889,0.923629788534254,0.001702120094463,0.995764286292349,0.000227312612168,0.960477812278587,0.001034347423052
RandomForest,SMOTE,70%,0.92548555195974,0.002155257973641,0.922207227582007,0.002445806914166,0.922624094165459,0.002129200961144,0.995719279974787,0.000294757634131,0.959959805131484,0.001249884355435
RandomForest,SMOTE,80%,0.92534837903115,0.002188006040223,0.923173443260166,0.002282801433022,0.923067299778359,0.002548259689671,0.995632317690165,0.000143896966905,0.959846660601233,0.001200862681766
RandomForest,SMOTE,90%,0.926305503841684,0.003012727455769,0.924033708020758,0.002416348776455,0.923846269942775,0.002938168925066,0.995824602228275,0.000315358950194,0.960435216910654,0.001708414000552
RandomForest,SMOTE,100%,0.924664758526088,0.002430851332122,0.922040872719315,0.001989794511804,0.922018533988591,0.00220851189795,0.99565534549175,0.000204259881043,0.95950300676736,0.001345649812734
RandomForest,BorderlineSMOTE-1,0%,0.925894826607621,0.003326341221451,0.919784226747756,0.006318552068595,0.9195941841948,0.003691081539693,0.995276053002338,0.000206514769413,0.959957355555572,0.001773492722097
RandomForest,BorderlineSMOTE-1,10%,0.927535758934708,0.002975719627272,0.922286842019571,0.003156702876184,0.922393627765985,0.003577134203235,0.995705619388154,0.000164401719189,0.961015280946099,0.001600466853004
RandomForest,BorderlineSMOTE-1,20%,0.928355897828142,0.003319265682715,0.926294430367574,0.004607052828527,0.924118960542297,0.004230251646767,0.995677578952644,0.000204091306517,0.961426240356745,0.00178651583617
RandomForest,BorderlineSMOTE-1,30%,0.924664945537578,0.001526151829612,0.921957990257017,0.002331057530634,0.921159393904698,0.002380704510781,0.995572839511716,0.000237192067631,0.959463776175678,0.000843368968977
RandomForest,BorderlineSMOTE-1,40%,0.928629776156596,0.002237647747622,0.926221594564677,0.002893927334565,0.925226932452203,0.002505759657011,0.995791894825991,0.000216997148194,0.96162402877848,0.001214497946849
RandomForest,BorderlineSMOTE-1,50%,0.928219753462751,0.001786327222129,0.925689441508125,0.002015498059942,0.924927200379273,0.0019605982099,0.995885289961577,0.00013649563305,0.961457016785016,0.000957384456172
RandomForest,BorderlineSMOTE-1,60%,0.929040266379168,0.002911074780455,0.927273902931373,0.003647716483619,0.92648713729559,0.003309282531512,0.995932918545174,0.000167362330945,0.961904144080723,0.001532053587397
RandomForest,BorderlineSMOTE-1,70%,0.926716087570001,0.002638239273839,0.925211428454612,0.002576881470837,0.924158354371788,0.002710483236733,0.995736609542232,0.000341045595184,0.960605891516253,0.001528183125919
RandomForest,BorderlineSMOTE-1,80%,0.926032093041957,0.002349492011088,0.924885664379328,0.002918731662094,0.92371685841338,0.00256689909164,0.995721758345378,6.5378301559504E-05,0.960244114660514,0.001195014588321
RandomForest,BorderlineSMOTE-1,90%,0.92630578435892,0.001171493701904,0.925625873898698,0.001822676020744,0.924334739087296,0.001457022581618,0.995722656849334,0.000224629621401,0.96038698962442,0.000524240127676
RandomForest,BorderlineSMOTE-1,100%,0.925348192019659,0.002236991368981,0.924561854873266,0.001740137129548,0.923389601545486,0.002548141841289,0.99568877979133,0.000223003582729,0.959873775316528,0.001252563851022
RandomForest,BorderlineSMOTE-2,0%,0.925894826607621,0.003326341221451,0.919784226747756,0.006318552068595,0.9195941841948,0.003691081539693,0.995276053002338,0.000206514769413,0.959957355555572,0.001773492722097
RandomForest,BorderlineSMOTE-2,10%,0.927535758934708,0.002975719627272,0.922286842019571,0.003156702876184,0.922393627765985,0.003577134203235,0.995705619388154,0.000164401719189,0.961015280946099,0.001600466853004
RandomForest,BorderlineSMOTE-2,20%,0.928355897828142,0.003319265682715,0.926294430367574,0.004607052828527,0.924118960542297,0.004230251646767,0.995677578952644,0.000204091306517,0.961426240356745,0.00178651583617
RandomForest,BorderlineSMOTE-2,30%,0.924664945537578,0.001526151829612,0.921957990257017,0.002331057530634,0.921159393904698,0.002380704510781,0.995572839511716,0.000237192067631,0.959463776175678,0.000843368968977
RandomForest,BorderlineSMOTE-2,40%,0.928629776156596,0.002237647747622,0.926221594564677,0.002893927334565,0.925226932452203,0.002505759657011,0.995791894825991,0.000216997148194,0.96162402877848,0.001214497946849
RandomForest,BorderlineSMOTE-2,50%,0.928219753462751,0.001786327222129,0.925689441508125,0.002015498059942,0.924927200379273,0.0019605982099,0.995885289961577,0.00013649563305,0.961457016785016,0.000957384456172
RandomForest,BorderlineSMOTE-2,60%,0.929040266379168,0.002911074780455,0.927273902931373,0.003647716483619,0.92648713729559,0.003309282531512,0.995932918545174,0.000167362330945,0.961904144080723,0.001532053587397
RandomForest,BorderlineSMOTE-2,70%,0.926716087570001,0.002638239273839,0.925211428454612,0.002576881470837,0.924158354371788,0.002710483236733,0.995736609542232,0.000341045595184,0.960605891516253,0.001528183125919
RandomForest,BorderlineSMOTE-2,80%,0.926032093041957,0.002349492011088,0.924885664379328,0.002918731662094,0.92371685841338,0.00256689909164,0.995721758345378,6.5378301559504E-05,0.960244114660514,0.001195014588321
RandomForest,BorderlineSMOTE-2,90%,0.92630578435892,0.001171493701904,0.925625873898698,0.001822676020744,0.924334739087296,0.001457022581618,0.995722656849334,0.000224629621401,0.96038698962442,0.000524240127676
RandomForest,BorderlineSMOTE-2,100%,0.925348192019659,0.002236991368981,0.924561854873266,0.001740137129548,0.923389601545486,0.002548141841289,0.99568877979133,0.000223003582729,0.959873775316528,0.001252563851022
RandomForest,SMOTETomek,0%,0.926988656818018,0.003913784032864,0.91969873688704,0.005202753026277,0.920659361647176,0.004397178480145,0.995435611341091,0.000120984704487,0.96060065509481,0.002079512256016
RandomForest,SMOTETomek,10%,0.923980670492298,0.002901168611566,0.918899739687826,0.004149802279595,0.919640936669827,0.003963698736651,0.995519925727244,0.000135302066991,0.959082411425493,0.001566239306391
RandomForest,SMOTETomek,20%,0.926852231935391,0.001745658869688,0.92351978601348,0.002288491270686,0.923390242302617,0.002657488126358,0.99566676060828,0.000346500279425,0.960643212890014,0.00105669487809
RandomForest,SMOTETomek,30%,0.92589566815933,0.002464479518065,0.922927107987052,0.003284441296955,0.922554233327055,0.002598772450975,0.995661030492696,0.000140825616202,0.960144124692137,0.001335470142549
RandomForest,SMOTETomek,40%,0.927262348134981,0.002326063703921,0.923513023951628,0.002937763719595,0.924037895345894,0.002722659728902,0.995770549397129,0.000239310428104,0.960905444188787,0.001291535678921
RandomForest,SMOTETomek,50%,0.925485832476977,0.001916137075438,0.923128787811425,0.002090465231869,0.923062666742206,0.001571459772684,0.995826587026865,7.61671011629826E-05,0.960011698225539,0.001019449417281
RandomForest,SMOTETomek,60%,0.926579756193119,0.003462717688813,0.923592941514174,0.003684907353145,0.923594823454072,0.002939254279626,0.995820963776033,0.000274173228564,0.960575226470071,0.001924550710282
RandomForest,SMOTETomek,70%,0.924118404455361,0.001545470632407,0.920204272862984,0.001021653402357,0.920926531663895,0.000872671953745,0.995675182008644,0.000114923415595,0.959229464573862,0.000835477988183
RandomForest,SMOTETomek,80%,0.924254829337989,0.001953380508277,0.921448743267376,0.001760291833932,0.921356037726813,0.001755261403026,0.995566108998384,0.000128516406927,0.959247557067258,0.001074079321808
RandomForest,SMOTETomek,90%,0.92603265407643,0.003323466996138,0.923440555514004,0.003387491235026,0.923258181332153,0.002551234990241,0.995777853661811,0.000282301958972,0.960270936921249,0.001853531674166
RandomForest,SMOTETomek,100%,0.923707540209808,0.002698040607383,0.920684924748462,0.003361075795126,0.920903707634037,0.00345898585676,0.995554768802755,0.000204403756142,0.958957522096811,0.001422269278822
RandomForest,SMOTEENN,0%,0.926988656818018,0.003913784032864,0.91969873688704,0.005202753026277,0.920659361647176,0.004397178480145,0.995435611341091,0.000120984704487,0.96060065509481,0.002079512256016
RandomForest,SMOTEENN,10%,0.909078753343999,0.005730816969736,0.909284110876508,0.004313755775562,0.906969423752289,0.005343267704837,0.994807209413791,0.000416110991693,0.950972814960287,0.003039338867176
RandomForest,SMOTEENN,20%,0.913317555797216,0.003612866779458,0.916952627001113,0.001245157095192,0.913836653280191,0.00225619412285,0.995481889511022,0.000188977991932,0.953513130575888,0.001824990893298
RandomForest,SMOTEENN,30%,0.915504748689283,0.003217301545486,0.919094900091407,0.004897138546195,0.915738018907915,0.003775673068373,0.995672350143992,0.000394310908545,0.954746082950406,0.001738670902863
RandomForest,SMOTEENN,40%,0.914137414173414,0.004179412362749,0.917867071805822,0.004441565807506,0.914485116668387,0.004084291769599,0.995654989675134,0.000403016570376,0.954023564963292,0.002254862301307
RandomForest,SMOTEENN,50%,0.915505590240992,0.004609905984065,0.918617371308065,0.003224829509037,0.915731382453089,0.00393156000056,0.995686439740723,0.000121003075289,0.954751673786197,0.002408845361954
RandomForest,SMOTEENN,60%,0.917146242050843,0.005197674912076,0.919192379046039,0.003030694415179,0.916874653081967,0.00414295608755,0.995749117122323,0.000192228755852,0.955636178011416,0.002759544363556
RandomForest,SMOTEENN,70%,0.917829114509941,0.001307412179373,0.918692247057188,0.001286338503154,0.917131798178352,0.001068925436692,0.995760633786904,0.000201522067654,0.956000808317963,0.000624717739912
RandomForest,SMOTEENN,80%,0.921247497552487,0.004007590084651,0.921413106867601,0.003728201503561,0.920159780474991,0.003765947077597,0.99584409271636,0.000238675791778,0.957817751344767,0.002162564789793
RandomForest,SMOTEENN,90%,0.918922664203102,0.002820049796353,0.918503786020747,0.003176141750576,0.917458297665647,0.003271310216902,0.995707469248029,0.000115573174269,0.956543767398056,0.001460456047889
RandomForest,SMOTEENN,100%,0.920153012801872,0.003417620214712,0.918775687876924,0.003089991059763,0.918116064346797,0.003536876648831,0.995762487733668,0.000153854320004,0.957209900507088,0.001807999589311
RandomForest,SVMSMOTE,0%,0.925894733101875,0.004015761481927,0.917715745788022,0.003566962692575,0.919625237560564,0.003960190668423,0.995349470818393,0.000200563668329,0.9599920848842,0.002157260961891
RandomForest,SVMSMOTE,10%,0.92753529140598,0.003885800235455,0.919606359945866,0.003706642140996,0.921406754679319,0.004550177037498,0.995617217438235,0.000216996407713,0.960971572336046,0.002096625038393
RandomForest,SVMSMOTE,20%,0.928765733510496,0.004285054606806,0.924475587495669,0.006180234600393,0.923368804903846,0.004865160421533,0.995759914410323,0.000217401223089,0.961677267654551,0.002314529838449
RandomForest,SVMSMOTE,30%,0.928219285934024,0.00230614538463,0.921719935615056,0.001612653248898,0.922950122519963,0.002676898050989,0.995723085301834,0.000156962269586,0.961378219485989,0.001255613791007
RandomForest,SVMSMOTE,40%,0.927672931863298,0.000672029533104,0.923422257662997,0.003257263564174,0.922335320766584,0.000855198020894,0.995595997686462,0.000151828996624,0.961034521448587,0.000382498502234
RandomForest,SVMSMOTE,50%,0.929996456132247,0.003492154006967,0.924760219129389,0.005498939988411,0.925086729826542,0.004413994075914,0.995788598017521,0.000214140150731,0.962328915641645,0.001905525203298
RandomForest,SVMSMOTE,60%,0.929176317238813,0.003266194884554,0.923381035943599,0.003732692921291,0.923562095091381,0.003936571650518,0.995756974274073,0.000269187947778,0.961889436092047,0.001799894637868
RandomForest,SVMSMOTE,70%,0.928220033979988,0.00155033100091,0.925766333813332,0.005258718610085,0.923561098514673,0.002352154496125,0.99573133940611,8.58321133924459E-05,0.961382906850357,0.000780622103866
RandomForest,SVMSMOTE,80%,0.928082861051397,0.001408067127614,0.924585957446621,0.002040525321943,0.923616772834957,0.001687332105965,0.995714488317686,0.000236468763732,0.961303852918663,0.000797634380148
RandomForest,SVMSMOTE,90%,0.928082767545652,0.00196616081843,0.92482966963434,0.00251112589535,0.923763365702668,0.002391843390668,0.995783003737745,0.000204805777317,0.961336629496948,0.001078051904376
RandomForest,SVMSMOTE,100%,0.928082300016925,0.005571287904044,0.925812049766201,0.008597041557462,0.923547090336048,0.00547261602815,0.995728075225916,0.000348743408142,0.961306476382218,0.00303289607243
